代码,名称,市场
301585,N蓝宇,SZ
301598,N博科,SZ
300209,*ST有树,SZ
301383,天键股份,SZ
300805,电声股份,SZ
301110,青木科技,SZ
300323,华灿光电,SZ
301009,可靠股份,SZ
300809,华辰装备,SZ
300913,兆龙互连,SZ
301600,慧翰股份,SZ
301007,德迈仕,SZ
300199,翰宇药业,SZ
300757,罗博特科,SZ
300386,飞天诚信,SZ
301365,矩阵股份,SZ
300984,金沃股份,SZ
301191,菲菱科思,SZ
301070,开勒股份,SZ
002717,岭南股份,SZ
002277,友阿股份,SZ
002494,华斯股份,SZ
002137,实益达,SZ
002379,宏创控股,SZ
002329,皇氏集团,SZ
002743,富煌钢构,SZ
002856,美芝股份,SZ
000670,盈方微,SZ
002047,宝鹰股份,SZ
002377,国创高新,SZ
002617,露笑科技,SZ
002878,元隆雅图,SZ
000886,海南高速,SZ
002587,奥拓电子,SZ
002851,麦格米特,SZ
002949,华阳国际,SZ
002045,国光电器,SZ
002847,盐津铺子,SZ
002779,中坚科技,SZ
003010,若羽臣,SZ
002730,电光科技,SZ
002397,梦洁股份,SZ
000880,潍柴重机,SZ
002281,光迅科技,SZ
002995,天地在线,SZ
001314,亿道信息,SZ
000823,超声电子,SZ
001308,康冠科技,SZ
002582,好想你,SZ
002009,天奇股份,SZ
000818,航锦科技,SZ
002122,汇洲智能,SZ
002616,长青集团,SZ
002640,跨境通,SZ
001296,长江材料,SZ
002449,国星光电,SZ
002685,华东重机,SZ
002210,飞马国际,SZ
002305,南国置业,SZ
002154,报 喜 鸟,SZ
300703,创源股份,SZ
301286,侨源股份,SZ
300740,水羊股份,SZ
300046,台基股份,SZ
300824,北鼎股份,SZ
300992,泰福泵业,SZ
301129,瑞纳智能,SZ
301297,富乐德,SZ
301336,趣睡科技,SZ
300025,华星创业,SZ
300153,科泰电源,SZ
300324,旋极信息,SZ
301550,斯菱股份,SZ
002131,利欧股份,SZ
300256,星星科技,SZ
000950,重药控股,SZ
002765,蓝黛科技,SZ
300417,南华仪器,SZ
300469,信息发展,SZ
300622,博士眼镜,SZ
301446,福事特,SZ
002290,禾盛新材,SZ
300260,新莱应材,SZ
301392,汇成真空,SZ
300100,双林股份,SZ
002514,宝馨科技,SZ
301183,东田微,SZ
301296,新巨丰,SZ
300959,线上线下,SZ
300980,祥源新材,SZ
300488,恒锋工具,SZ
300182,捷成股份,SZ
301536,星宸科技,SZ
300351,永贵电器,SZ
002130,沃尔核材,SZ
301165,锐捷网络,SZ
300125,ST聆达,SZ
301119,正强股份,SZ
300942,易瑞生物,SZ
300441,鲍斯股份,SZ
300956,英力股份,SZ
300879,大叶股份,SZ
300698,万马科技,SZ
300231,银信科技,SZ
300736,百邦科技,SZ
000677,恒天海龙,SZ
301127,天源环保,SZ
002362,汉王科技,SZ
300792,壹网壹创,SZ
301317,鑫磊股份,SZ
300563,神宇股份,SZ
300192,科德教育,SZ
002188,中天服务,SZ
301237,和顺科技,SZ
002264,新 华 都,SZ
301251,威尔高,SZ
300857,协创数据,SZ
300580,贝斯特,SZ
301187,欧圣电气,SZ
301606,绿联科技,SZ
300609,汇纳科技,SZ
300077,国民技术,SZ
002127,南极电商,SZ
300830,金现代,SZ
300863,卡倍亿,SZ
300553,集智股份,SZ
000903,云内动力,SZ
002778,中晟高科,SZ
002774,快意电梯,SZ
300382,斯莱克,SZ
301123,奕东电子,SZ
301211,亨迪药业,SZ
301055,张小泉,SZ
002946,新乳业,SZ
300287,飞利信,SZ
002876,三利谱,SZ
000423,东阿阿胶,SZ
002330,得利斯,SZ
301095,广立微,SZ
301366,一博科技,SZ
002335,科华数据,SZ
002625,光启技术,SZ
301273,瑞晨环保,SZ
300313,ST天山,SZ
300210,森远股份,SZ
300049,福瑞股份,SZ
301186,超达装备,SZ
300802,矩子科技,SZ
001328,登康口腔,SZ
301231,荣信文化,SZ
300623,捷捷微电,SZ
002315,焦点科技,SZ
300739,明阳电路,SZ
300506,*ST名家,SZ
300106,西部牧业,SZ
300131,英唐智控,SZ
300102,乾照光电,SZ
300901,中胤时尚,SZ
000584,*ST工智,SZ
002895,川恒股份,SZ
300572,安车检测,SZ
001283,豪鹏科技,SZ
300269,联建光电,SZ
301510,固高科技,SZ
300681,英搏尔,SZ
300820,英杰电气,SZ
002750,*ST龙津,SZ
300941,创识科技,SZ
301566,达利凯普,SZ
000506,*ST中润,SZ
002569,ST步森,SZ
002416,爱施德,SZ
002279,久其软件,SZ
002491,通鼎互联,SZ
002769,普路通,SZ
002991,甘源食品,SZ
002803,吉宏股份,SZ
301413,安培龙,SZ
300504,天邑股份,SZ
301069,凯盛新材,SZ
300938,信测标准,SZ
002276,万马股份,SZ
300912,凯龙高科,SZ
002899,英派斯,SZ
300472,新元科技,SZ
300112,万讯自控,SZ
300786,国林科技,SZ
301100,风光股份,SZ
000599,青岛双星,SZ
300062,中能电气,SZ
301228,实朴检测,SZ
301269,华大九天,SZ
300328,宜安科技,SZ
300826,测绘股份,SZ
000040,ST旭蓝,SZ
002149,西部材料,SZ
002171,楚江新材,SZ
003031,中瓷电子,SZ
300074,华平股份,SZ
002965,祥鑫科技,SZ
301152,天力锂能,SZ
000936,华西股份,SZ
300997,欢乐家,SZ
301078,孩子王,SZ
301611,珂玛科技,SZ
300114,中航电测,SZ
301263,泰恩康,SZ
300968,格林精密,SZ
301229,纽泰格,SZ
300120,经纬辉开,SZ
301121,紫建电子,SZ
300902,国安达,SZ
300995,奇德新材,SZ
301162,国能日新,SZ
300474,景嘉微,SZ
301040,中环海陆,SZ
002222,福晶科技,SZ
000518,四环生物,SZ
002892,科力尔,SZ
002657,中科金财,SZ
301101,明月镜片,SZ
001309,德明利,SZ
001326,联域股份,SZ
300900,广联航空,SZ
002885,京泉华,SZ
002622,皓宸医疗,SZ
300660,江苏雷利,SZ
301498,乖宝宠物,SZ
301380,挖金客,SZ
003041,真爱美家,SZ
300245,天玑科技,SZ
002213,大为股份,SZ
301368,丰立智能,SZ
300946,恒而达,SZ
300565,科信技术,SZ
301131,聚赛龙,SZ
002979,雷赛智能,SZ
301571,国科天成,SZ
300331,苏大维格,SZ
001211,双枪科技,SZ
300053,航宇微,SZ
002273,水晶光电,SZ
300296,利亚德,SZ
301042,安联锐视,SZ
000576,甘化科工,SZ
301182,凯旺科技,SZ
300339,润和软件,SZ
301315,威士顿,SZ
300654,世纪天鸿,SZ
300056,中创环保,SZ
002085,万丰奥威,SZ
003000,劲仔食品,SZ
301213,观想科技,SZ
300321,同大股份,SZ
300149,睿智医药,SZ
300326,凯利泰,SZ
300888,稳健医疗,SZ
000056,皇庭国际,SZ
002119,康强电子,SZ
301163,宏德股份,SZ
301421,波长光电,SZ
002629,仁智股份,SZ
003007,直真科技,SZ
300665,飞鹿股份,SZ
300591,万里马,SZ
300494,盛天网络,SZ
300101,振芯科技,SZ
300564,筑博设计,SZ
300996,普联软件,SZ
301259,艾布鲁,SZ
300701,森霸传感,SZ
300936,中英科技,SZ
301046,能辉科技,SZ
301321,翰博高新,SZ
300576,容大感光,SZ
002822,ST中装,SZ
301428,世纪恒通,SZ
000908,*ST景峰,SZ
002849,威星智能,SZ
002910,庄园牧场,SZ
300920,润阳科技,SZ
300348,长亮科技,SZ
301261,恒工精密,SZ
300991,创益通,SZ
001313,粤海饲料,SZ
001366,播恩集团,SZ
300562,乐心医疗,SZ
301043,绿岛风,SZ
000925,众合科技,SZ
301192,泰祥股份,SZ
301107,瑜欣电子,SZ
301135,瑞德智能,SZ
300346,南大光电,SZ
002321,华英农业,SZ
300845,捷安高科,SZ
002795,永和智控,SZ
002584,西陇科学,SZ
301132,满坤科技,SZ
002480,新筑股份,SZ
300445,康斯特,SZ
301303,真兰仪表,SZ
002084,海鸥住工,SZ
002557,洽洽食品,SZ
300632,光莆股份,SZ
002830,名雕股份,SZ
002721,ST金一,SZ
301067,显盈科技,SZ
000899,赣能股份,SZ
300928,华安鑫创,SZ
301586,佳力奇,SZ
000735,罗 牛 山,SZ
300689,澄天伟业,SZ
300483,首华燃气,SZ
300887,谱尼测试,SZ
002371,北方华创,SZ
001336,楚环科技,SZ
001207,联科科技,SZ
301198,喜悦智行,SZ
002006,精工科技,SZ
300624,万兴科技,SZ
300872,天阳科技,SZ
002962,五方光电,SZ
300458,全志科技,SZ
001206,依依股份,SZ
300953,震裕科技,SZ
300972,万辰集团,SZ
300588,熙菱信息,SZ
301270,汉仪股份,SZ
002724,海洋王,SZ
300986,志特新材,SZ
301002,崧盛股份,SZ
002848,高斯贝尔,SZ
002478,常宝股份,SZ
300592,华凯易佰,SZ
002052,*ST同洲,SZ
300604,长川科技,SZ
300484,蓝海华腾,SZ
002328,新朋股份,SZ
301062,上海艾录,SZ
000096,广聚能源,SZ
002530,金财互联,SZ
300696,爱乐达,SZ
000756,新华制药,SZ
300465,高伟达,SZ
301507,民生健康,SZ
001319,铭科精技,SZ
300068,南都电源,SZ
300306,远方信息,SZ
300503,昊志机电,SZ
300157,新锦动力,SZ
002983,芯瑞达,SZ
002225,濮耐股份,SZ
301338,凯格精机,SZ
300989,蕾奥规划,SZ
002163,海南发展,SZ
300537,广信材料,SZ
002199,东晶电子,SZ
301369,联动科技,SZ
001298,好上好,SZ
300165,ST天瑞,SZ
300127,银河磁体,SZ
300723,一品红,SZ
002676,顺威股份,SZ
001332,锡装股份,SZ
300955,嘉亨家化,SZ
002843,泰嘉股份,SZ
300303,聚飞光电,SZ
300333,兆日科技,SZ
300096,ST易联众,SZ
300906,日月明,SZ
300249,依米康,SZ
300013,*ST新宁,SZ
300054,鼎龙股份,SZ
002933,新兴装备,SZ
300886,华业香料,SZ
300522,世名科技,SZ
300961,深水海纳,SZ
300743,天地数码,SZ
300375,鹏翎股份,SZ
300460,惠伦晶体,SZ
300843,胜蓝股份,SZ
300543,朗科智能,SZ
301001,凯淳股份,SZ
300556,丝路视觉,SZ
300630,普利制药,SZ
001288,运机集团,SZ
000829,天音控股,SZ
000810,创维数字,SZ
301260,格力博,SZ
000697,炼石航空,SZ
300785,值得买,SZ
300781,因赛集团,SZ
301313,凡拓数创,SZ
301596,瑞迪智驱,SZ
300854,中兰环保,SZ
300173,福能东方,SZ
300975,商络电子,SZ
002956,西麦食品,SZ
300894,火星人,SZ
300538,同益股份,SZ
301302,华如科技,SZ
002988,豪美新材,SZ
002950,奥美医疗,SZ
002631,德尔未来,SZ
002708,光洋股份,SZ
300007,汉威科技,SZ
000995,皇台酒业,SZ
002809,红墙股份,SZ
300371,汇中股份,SZ
002633,申科股份,SZ
300159,新研股份,SZ
301289,国缆检测,SZ
300559,佳发教育,SZ
300403,汉宇集团,SZ
001387,雪祺电气,SZ
002529,海源复材,SZ
301230,泓博医药,SZ
300162,雷曼光电,SZ
301558,三态股份,SZ
300931,通用电梯,SZ
301256,华融化学,SZ
300733,西菱动力,SZ
300661,圣邦股份,SZ
002241,歌尔股份,SZ
002620,瑞和股份,SZ
002634,棒杰股份,SZ
300637,扬帆新材,SZ
300126,锐奇股份,SZ
300787,海能实业,SZ
002796,世嘉科技,SZ
300691,联合光电,SZ
002090,金智科技,SZ
002246,北化股份,SZ
301567,贝隆精密,SZ
002575,群兴玩具,SZ
002957,科瑞技术,SZ
300423,昇辉科技,SZ
300410,正业科技,SZ
002866,传艺科技,SZ
301592,六九一二,SZ
000523,红棉股份,SZ
301020,密封科技,SZ
001226,拓山重工,SZ
000545,金浦钛业,SZ
300513,恒实科技,SZ
300716,泉为科技,SZ
301021,英诺激光,SZ
300290,荣科科技,SZ
002748,ST世龙,SZ
301036,双乐股份,SZ
301105,鸿铭股份,SZ
301037,保立佳,SZ
300950,德固特,SZ
300456,赛微电子,SZ
002486,嘉麟杰,SZ
300508,维宏股份,SZ
002959,小熊电器,SZ
002837,英维克,SZ
000919,金陵药业,SZ
300923,研奥股份,SZ
300800,力合科技,SZ
301081,严牌股份,SZ
000889,ST中嘉,SZ
001268,联合精密,SZ
300549,优德精密,SZ
000600,建投能源,SZ
300448,浩云科技,SZ
301028,东亚机械,SZ
300181,佐力药业,SZ
002156,通富微电,SZ
301118,恒光股份,SZ
300988,津荣天宇,SZ
000565,渝三峡Ａ,SZ
002527,新时达,SZ
002963,豪尔赛,SZ
301045,天禄科技,SZ
300611,美力科技,SZ
300548,博创科技,SZ
300147,香雪制药,SZ
301005,超捷股份,SZ
001306,夏厦精密,SZ
002909,集泰股份,SZ
301628,强达电路,SZ
001389,广合科技,SZ
300225,金力泰,SZ
300486,东杰智能,SZ
300816,艾可蓝,SZ
300566,激智科技,SZ
300971,博亚精工,SZ
002570,贝因美,SZ
301499,维科精密,SZ
301212,联盛化学,SZ
002324,普利特,SZ
300554,三超新材,SZ
002650,ST加加,SZ
300277,海联讯,SZ
002759,天际股份,SZ
301116,益客食品,SZ
300656,民德电子,SZ
301022,海泰科,SZ
002785,万里石,SZ
300965,*ST恒宇,SZ
300666,江丰电子,SZ
301512,智信精密,SZ
000999,华润三九,SZ
300551,古鳌科技,SZ
301300,远翔新材,SZ
300400,劲拓股份,SZ
300449,汉邦高科,SZ
300753,爱朋医疗,SZ
301332,德尔玛,SZ
301075,多瑞医药,SZ
300302,同有科技,SZ
300663,科蓝软件,SZ
300673,佩蒂股份,SZ
003043,华亚智能,SZ
300531,优博讯,SZ
300278,华昌达,SZ
300641,正丹股份,SZ
300719,安达维尔,SZ
002654,万润科技,SZ
300692,中环环保,SZ
002726,龙大美食,SZ
002989,中天精装,SZ
000929,兰州黄河,SZ
301312,智立方,SZ
300353,东土科技,SZ
300286,安科瑞,SZ
300940,南极光,SZ
002952,亚世光电,SZ
300222,科大智能,SZ
301381,赛维时代,SZ
301310,鑫宏业,SZ
301323,新莱福,SZ
300191,潜能恒信,SZ
301112,信邦智能,SZ
300762,上海瀚讯,SZ
301348,蓝箭电子,SZ
300076,GQY视讯,SZ
000632,三木集团,SZ
300354,东华测试,SZ
301389,隆扬电子,SZ
002981,朝阳科技,SZ
000537,中绿电,SZ
300135,宝利国际,SZ
002338,奥普光电,SZ
002495,佳隆股份,SZ
301209,联合化学,SZ
002867,周大生,SZ
301295,美硕科技,SZ
301169,零点有数,SZ
300132,青松股份,SZ
002638,勤上股份,SZ
002816,和科达,SZ
301159,三维天地,SZ
000793,华闻集团,SZ
301568,思泰克,SZ
301320,豪江智能,SZ
300446,航天智造,SZ
002316,ST亚联,SZ
002242,九阳股份,SZ
300229,拓尔思,SZ
301220,亚香股份,SZ
300099,尤洛卡,SZ
002832,比音勒芬,SZ
300731,科创新源,SZ
300289,利德曼,SZ
300596,利安隆,SZ
301279,金道科技,SZ
002289,ST宇顺,SZ
002007,华兰生物,SZ
002871,伟隆股份,SZ
002798,帝欧家居,SZ
300836,佰奥智能,SZ
301093,华兰股份,SZ
003021,兆威机电,SZ
301280,珠城科技,SZ
300236,上海新阳,SZ
002971,和远气体,SZ
301082,久盛电气,SZ
002815,崇达技术,SZ
300730,科创信息,SZ
002921,联诚精密,SZ
002877,智能自控,SZ
000989,ST九芝,SZ
002891,中宠股份,SZ
301309,万得凯,SZ
002102,能特科技,SZ
301285,鸿日达,SZ
300516,久之洋,SZ
300851,交大思诺,SZ
300327,中颖电子,SZ
301056,森赫股份,SZ
300581,晨曦航空,SZ
000159,国际实业,SZ
300235,方直科技,SZ
301517,陕西华达,SZ
002283,天润工业,SZ
301418,协昌科技,SZ
002889,东方嘉盛,SZ
301316,慧博云通,SZ
300721,怡达股份,SZ
002898,赛隆药业,SZ
300712,永福股份,SZ
300964,本川智能,SZ
301138,华研精机,SZ
300789,唐源电气,SZ
300293,蓝英装备,SZ
002930,宏川智慧,SZ
300981,中红医疗,SZ
300891,惠云钛业,SZ
300032,金龙机电,SZ
301006,迈拓股份,SZ
002468,申通快递,SZ
301587,中瑞股份,SZ
002553,南方精工,SZ
301016,雷尔伟,SZ
300519,新光药业,SZ
300426,唐德影视,SZ
300440,运达科技,SZ
300176,鸿特科技,SZ
300607,拓斯达,SZ
301083,百胜智能,SZ
301008,宏昌科技,SZ
301408,华人健康,SZ
001373,翔腾新材,SZ
300447,全信股份,SZ
000701,厦门信达,SZ
301199,迈赫股份,SZ
301050,雷电微力,SZ
000766,通化金马,SZ
301106,骏成科技,SZ
300304,云意电气,SZ
002883,中设股份,SZ
301208,中亦科技,SZ
002405,四维图新,SZ
002868,绿康生化,SZ
002943,宇晶股份,SZ
002579,中京电子,SZ
000536,华映科技,SZ
002134,天津普林,SZ
300429,强力新材,SZ
301607,富特科技,SZ
300695,兆丰股份,SZ
300436,广生堂,SZ
300877,金春股份,SZ
301117,佳缘科技,SZ
001338,永顺泰,SZ
301580,爱迪特,SZ
000980,众泰汽车,SZ
300840,酷特智能,SZ
002177,御银股份,SZ
301000,肇民科技,SZ
002728,特一药业,SZ
300515,三德科技,SZ
002361,神剑股份,SZ
300411,金盾股份,SZ
002690,美亚光电,SZ
002531,天顺风能,SZ
002068,黑猫股份,SZ
300340,科恒股份,SZ
002344,海宁皮城,SZ
300329,海伦钢琴,SZ
002201,正威新材,SZ
300093,金刚光伏,SZ
002278,神开股份,SZ
300598,诚迈科技,SZ
002729,好利科技,SZ
300480,光力科技,SZ
002461,珠江啤酒,SZ
301197,工大科雅,SZ
300550,和仁科技,SZ
301217,铜冠铜箔,SZ
301359,东南电子,SZ
003028,振邦智能,SZ
002772,众兴菌业,SZ
300241,瑞丰光电,SZ
301288,清研环境,SZ
001696,宗申动力,SZ
301141,中科磁业,SZ
300749,顶固集创,SZ
300939,秋田微,SZ
301387,光大同创,SZ
301156,美农生物,SZ
002413,雷科防务,SZ
002295,精艺股份,SZ
300790,宇瞳光学,SZ
301528,多浦乐,SZ
300893,松原股份,SZ
301226,祥明智能,SZ
301456,盘古智能,SZ
301391,卡莱特,SZ
300831,派瑞股份,SZ
300777,中简科技,SZ
002286,保龄宝,SZ
300275,梅安森,SZ
300335,迪森股份,SZ
002248,华东数控,SZ
002337,赛象科技,SZ
000520,凤凰航运,SZ
300707,威唐工业,SZ
300699,光威复材,SZ
002862,实丰文化,SZ
002106,莱宝高科,SZ
301255,通力科技,SZ
300898,熊猫乳品,SZ
002275,桂林三金,SZ
301227,森鹰窗业,SZ
301120,新特电气,SZ
001228,永泰运,SZ
300518,新迅达,SZ
300252,金信诺,SZ
003026,中晶科技,SZ
300650,太龙股份,SZ
002231,奥维通信,SZ
002970,锐明技术,SZ
300379,东方通,SZ
300555,ST路通,SZ
300134,大富科技,SZ
301565,中仑新材,SZ
301030,仕净科技,SZ
300795,米奥会展,SZ
002972,科安达,SZ
000016,深康佳Ａ,SZ
300398,飞凯材料,SZ
301328,维峰电子,SZ
300368,ST汇金,SZ
000915,华特达因,SZ
000017,深中华A,SZ
301539,宏鑫科技,SZ
301429,森泰股份,SZ
002209,达 意 隆,SZ
300655,晶瑞电材,SZ
301167,建研设计,SZ
000729,燕京啤酒,SZ
301013,利和兴,SZ
002824,和胜股份,SZ
000819,岳阳兴长,SZ
002998,优彩资源,SZ
301503,智迪科技,SZ
300625,三雄极光,SZ
000627,天茂集团,SZ
002674,兴业科技,SZ
301331,恩威医药,SZ
002380,科远智慧,SZ
300908,仲景食品,SZ
300078,思创医惠,SZ
000856,冀东装备,SZ
300121,阳谷华泰,SZ
301051,信濠光电,SZ
300774,倍杰特,SZ
002735,王子新材,SZ
002897,意华股份,SZ
301282,金禄电子,SZ
301133,金钟股份,SZ
301234,五洲医疗,SZ
300546,雄帝科技,SZ
000042,中洲控股,SZ
301222,浙江恒威,SZ
301072,中捷精工,SZ
002820,桂发祥,SZ
000426,兴业银锡,SZ
300679,电连技术,SZ
300810,中科海讯,SZ
300853,申昊科技,SZ
300421,力星股份,SZ
002800,天顺股份,SZ
002719,麦趣尔,SZ
300645,正元智慧,SZ
301283,聚胶股份,SZ
300341,麦克奥迪,SZ
002559,亚威股份,SZ
300391,长药控股,SZ
300310,宜通世纪,SZ
002782,可立克,SZ
002484,江海股份,SZ
301339,通行宝,SZ
001215,千味央厨,SZ
301308,江波龙,SZ
002426,胜利精密,SZ
002695,煌上煌,SZ
002585,双星新材,SZ
000955,欣龙控股,SZ
301448,开创电气,SZ
300098,高新兴,SZ
300878,维康药业,SZ
003015,日久光电,SZ
300865,大宏立,SZ
300344,立方数科,SZ
300434,金石亚药,SZ
300557,理工光科,SZ
300414,中光防雷,SZ
300626,华瑞股份,SZ
300489,光智科技,SZ
301099,雅创电子,SZ
002850,科达利,SZ
301225,恒勃股份,SZ
002942,新农股份,SZ
301631,壹连科技,SZ
300672,国科微,SZ
301003,江苏博云,SZ
003017,大洋生物,SZ
002428,云南锗业,SZ
301377,鼎泰高科,SZ
300365,恒华科技,SZ
002568,百润股份,SZ
300807,天迈科技,SZ
300184,力源信息,SZ
300659,中孚信息,SZ
301090,华润材料,SZ
300170,汉得信息,SZ
300883,龙利得,SZ
001378,德冠新材,SZ
301330,熵基科技,SZ
000681,视觉中国,SZ
000099,中信海直,SZ
300812,易天股份,SZ
002826,易明医药,SZ
301033,迈普医学,SZ
300952,恒辉安防,SZ
300512,中亚股份,SZ
300585,奥联电子,SZ
002896,中大力德,SZ
003003,天元股份,SZ
002907,华森制药,SZ
301469,恒达新材,SZ
300922,天秦装备,SZ
003030,祖名股份,SZ
002179,中航光电,SZ
002901,大博医疗,SZ
300107,建新股份,SZ
300378,鼎捷数智,SZ
300687,赛意信息,SZ
002207,准油股份,SZ
301277,新天地,SZ
301178,天亿马,SZ
300613,富瀚微,SZ
300678,中科信息,SZ
002915,中欣氟材,SZ
001260,坤泰股份,SZ
301196,唯科科技,SZ
300640,德艺文创,SZ
300552,万集科技,SZ
002976,瑞玛精密,SZ
301153,中科江南,SZ
301373,凌玮科技,SZ
300856,科思股份,SZ
300599,雄塑科技,SZ
301319,唯特偶,SZ
002647,仁东控股,SZ
002029,七 匹 狼,SZ
000055,方大集团,SZ
300085,银之杰,SZ
002510,天汽模,SZ
002107,沃华医药,SZ
000848,承德露露,SZ
001202,炬申股份,SZ
300174,元力股份,SZ
002172,澳洋健康,SZ
301066,万事利,SZ
301525,儒竞科技,SZ
301136,招标股份,SZ
301130,西点药业,SZ
300803,指南针,SZ
300405,科隆股份,SZ
001318,阳光乳业,SZ
300432,富临精工,SZ
300700,岱勒新材,SZ
300658,延江股份,SZ
002566,益盛药业,SZ
301378,通达海,SZ
301360,荣旗科技,SZ
301126,达嘉维康,SZ
300909,汇创达,SZ
300221,银禧科技,SZ
002414,高德红外,SZ
300748,金力永磁,SZ
000622,*ST恒立,SZ
301281,科源制药,SZ
002787,华源控股,SZ
301010,晶雪节能,SZ
002636,金安国纪,SZ
001259,利仁科技,SZ
002738,中矿资源,SZ
300298,三诺生物,SZ
300793,佳禾智能,SZ
301210,金杨股份,SZ
301372,科净源,SZ
002460,赣锋锂业,SZ
000678,襄阳轴承,SZ
301053,远信工业,SZ
301299,卓创资讯,SZ
301041,金百泽,SZ
300834,星辉环材,SZ
300889,爱克股份,SZ
300397,天和防务,SZ
300389,艾比森,SZ
002698,博实股份,SZ
300086,康芝药业,SZ
002474,榕基软件,SZ
300819,聚杰微纤,SZ
002388,ST新亚,SZ
300535,达威股份,SZ
002612,朗姿股份,SZ
300779,惠城环保,SZ
002900,哈三联,SZ
300600,ST瑞科,SZ
300234,开尔新材,SZ
300927,江天化学,SZ
001229,魅视科技,SZ
300155,安居宝,SZ
301202,朗威股份,SZ
300801,泰和科技,SZ
300752,隆利科技,SZ
300804,广康生化,SZ
002145,中核钛白,SZ
300584,海辰药业,SZ
300647,超频三,SZ
001258,立新能源,SZ
301091,深城交,SZ
002180,纳思达,SZ
001333,光华股份,SZ
300643,万通智控,SZ
002365,永安药业,SZ
300150,世纪瑞尔,SZ
301276,嘉曼服饰,SZ
002497,雅化集团,SZ
002577,雷柏科技,SZ
000020,深华发Ａ,SZ
301149,隆华新材,SZ
300915,海融科技,SZ
300644,南京聚隆,SZ
300642,透景生命,SZ
002513,蓝丰生化,SZ
002544,普天科技,SZ
300948,冠中生态,SZ
002549,凯美特气,SZ
300813,泰林生物,SZ
001223,欧克科技,SZ
301555,惠柏新材,SZ
300136,信维通信,SZ
002169,智光电气,SZ
300511,雪榕生物,SZ
300466,赛摩智能,SZ
300219,鸿利智汇,SZ
300137,ST先河,SZ
002255,海陆重工,SZ
003018,金富科技,SZ
300842,帝科股份,SZ
001368,通达创智,SZ
002745,木林森,SZ
301335,天元宠物,SZ
002687,乔治白,SZ
301122,采纳股份,SZ
002269,美邦服饰,SZ
001316,润贝航科,SZ
001300,三柏硕,SZ
301203,国泰环保,SZ
300517,海波重科,SZ
300822,贝仕达克,SZ
001222,源飞宠物,SZ
300718,长盛轴承,SZ
300029,ST天龙,SZ
300875,捷强装备,SZ
301325,曼恩斯特,SZ
002913,奥士康,SZ
002186,全 聚 德,SZ
301180,万祥科技,SZ
301092,争光股份,SZ
300710,万隆光电,SZ
002756,永兴材料,SZ
301333,诺思格,SZ
300806,斯迪克,SZ
300462,华铭智能,SZ
300987,川网传媒,SZ
003011,海象新材,SZ
001358,兴欣新材,SZ
300295,三六五网,SZ
300758,七彩化学,SZ
301515,港通医疗,SZ
000566,海南海药,SZ
301511,德福科技,SZ
301376,致欧科技,SZ
300967,晓鸣股份,SZ
300171,东富龙,SZ
300741,华宝股份,SZ
002297,博云新材,SZ
301188,力诺药包,SZ
300301,*ST长方,SZ
300575,中旗股份,SZ
300907,康平科技,SZ
002689,远大智能,SZ
002387,维信诺,SZ
300045,华力创通,SZ
300769,德方纳米,SZ
002829,星网宇达,SZ
300402,宝色股份,SZ
301238,瑞泰新材,SZ
300189,神农种业,SZ
300087,荃银高科,SZ
002890,弘宇股份,SZ
002598,山东章鼓,SZ
002425,ST凯文,SZ
301097,天益医疗,SZ
300420,五洋自控,SZ
300542,新晨科技,SZ
300904,威力传动,SZ
000638,万方发展,SZ
301258,富士莱,SZ
301370,国科恒泰,SZ
301337,亚华电子,SZ
300461,田中精机,SZ
301189,奥尼电子,SZ
002167,东方锆业,SZ
300337,银邦股份,SZ
002973,侨银股份,SZ
002637,赞宇科技,SZ
002818,富森美,SZ
002792,通宇通讯,SZ
300450,先导智能,SZ
300094,国联水产,SZ
300797,钢研纳克,SZ
301272,英华特,SZ
301298,东利机械,SZ
301115,建科股份,SZ
002412,汉森制药,SZ
300784,利安科技,SZ
002808,ST恒久,SZ
301032,新柴股份,SZ
300169,天晟新材,SZ
300823,建科智能,SZ
300300,ST峡创,SZ
002875,安奈儿,SZ
300746,汉嘉设计,SZ
300951,博硕科技,SZ
300200,高盟新材,SZ
002935,天奥电子,SZ
300541,先进数通,SZ
300606,金太阳,SZ
301019,宁波色母,SZ
300837,浙矿股份,SZ
301137,哈焊华通,SZ
300631,久吾高科,SZ
002564,*ST天沃,SZ
300270,中威电子,SZ
003023,彩虹集团,SZ
300771,智莱科技,SZ
002694,顾地科技,SZ
002036,联创电子,SZ
301520,万邦医药,SZ
000973,佛塑科技,SZ
300019,硅宝科技,SZ
300539,横河精密,SZ
002304,洋河股份,SZ
301017,漱玉平民,SZ
002139,拓邦股份,SZ
301578,辰奕智能,SZ
002259,ST升达,SZ
300473,德尔股份,SZ
002893,京能热力,SZ
300266,兴源环境,SZ
300020,*ST银江,SZ
300966,共同药业,SZ
002630,华西能源,SZ
000695,滨海能源,SZ
300481,濮阳惠成,SZ
300338,*ST开元,SZ
301306,西测测试,SZ
300653,正海生物,SZ
002985,北摩高科,SZ
002813,路畅科技,SZ
002193,如意集团,SZ
002394,联发股份,SZ
001212,中旗新材,SZ
002655,共达电声,SZ
002436,兴森科技,SZ
300833,浩洋股份,SZ
300829,金丹科技,SZ
301622,英思特,SZ
300002,神州泰岳,SZ
300648,星云股份,SZ
000969,安泰科技,SZ
300903,科翔股份,SZ
000608,阳光股份,SZ
002185,华天科技,SZ
300501,海顺新材,SZ
301155,海力风电,SZ
300570,太辰光,SZ
002852,道道全,SZ
002164,宁波东力,SZ
301103,何氏眼科,SZ
300782,卓胜微,SZ
300413,芒果超媒,SZ
300937,药易购,SZ
300844,山水比德,SZ
300717,华信新材,SZ
301278,快可电子,SZ
300589,江龙船艇,SZ
301548,崇德科技,SZ
301322,绿通科技,SZ
300283,温州宏丰,SZ
300747,锐科激光,SZ
300697,电工合金,SZ
300024,机器人,SZ
002872,ST天圣,SZ
000669,ST金鸿,SZ
301077,星华新材,SZ
002327,富安娜,SZ
301487,盟固利,SZ
002216,三全食品,SZ
300243,瑞丰高材,SZ
300408,三环集团,SZ
301287,康力源,SZ
301158,德石股份,SZ
000032,深桑达Ａ,SZ
300838,浙江力诺,SZ
300892,品渥食品,SZ
301362,民爆光电,SZ
300745,欣锐科技,SZ
301318,维海德,SZ
300916,朗特智能,SZ
001376,百通能源,SZ
001218,丽臣实业,SZ
002250,联化科技,SZ
301301,川宁生物,SZ
301551,无线传媒,SZ
301588,美新科技,SZ
300610,晨化股份,SZ
300092,科新机电,SZ
002044,美年健康,SZ
002357,富临运业,SZ
300044,赛为智能,SZ
300722,新余国科,SZ
002219,新里程,SZ
300729,乐歌股份,SZ
301181,标榜股份,SZ
300258,精锻科技,SZ
301233,盛帮股份,SZ
300359,全通教育,SZ
002456,欧菲光,SZ
300977,深圳瑞捷,SZ
300885,海昌新材,SZ
301591,肯特股份,SZ
300960,通业科技,SZ
301108,洁雅股份,SZ
002669,康达新材,SZ
301065,本立科技,SZ
000615,ST美谷,SZ
002301,齐心集团,SZ
301502,华阳智能,SZ
301329,信音电子,SZ
003008,开普检测,SZ
003025,思进智能,SZ
002098,浔兴股份,SZ
000757,浩物股份,SZ
002366,融发核电,SZ
002261,拓维信息,SZ
000801,四川九洲,SZ
002481,双塔食品,SZ
001230,劲旅环境,SZ
300841,康华生物,SZ
001256,炜冈科技,SZ
300670,大烨智能,SZ
000503,国新健康,SZ
003005,竞业达,SZ
003022,联泓新科,SZ
300139,晓程科技,SZ
300177,中海达,SZ
300618,寒锐钴业,SZ
002691,冀凯股份,SZ
301603,乔锋智能,SZ
002987,京北方,SZ
301266,宇邦新材,SZ
002471,中超控股,SZ
002574,明牌珠宝,SZ
301439,泓淋电力,SZ
002977,天箭科技,SZ
001279,强邦新材,SZ
002840,华统股份,SZ
002611,东方精工,SZ
300849,锦盛新材,SZ
000070,ST特信,SZ
002919,名臣健康,SZ
300444,双杰电气,SZ
300509,新美星,SZ
002817,黄山胶囊,SZ
000799,酒鬼酒,SZ
301367,怡和嘉业,SZ
001270,铖昌科技,SZ
300138,晨光生物,SZ
002865,钧达股份,SZ
002681,奋达科技,SZ
300276,三丰智能,SZ
002932,明德生物,SZ
301232,飞沃科技,SZ
001219,青岛食品,SZ
300690,双一科技,SZ
300110,华仁药业,SZ
300943,春晖智控,SZ
300558,贝达药业,SZ
301170,锡南科技,SZ
300852,四会富仕,SZ
300791,仙乐健康,SZ
301150,中一科技,SZ
300726,宏达电子,SZ
002165,红 宝 丽,SZ
002306,中科云网,SZ
301314,科瑞思,SZ
300674,宇信科技,SZ
002360,同德化工,SZ
002223,鱼跃医疗,SZ
300424,航新科技,SZ
300305,裕兴股份,SZ
002389,航天彩虹,SZ
301290,东星医疗,SZ
300005,探路者,SZ
300151,昌红科技,SZ
300320,海达股份,SZ
002082,万邦德,SZ
002810,山东赫达,SZ
002603,以岭药业,SZ
301419,阿莱德,SZ
300724,捷佳伟创,SZ
000887,中鼎股份,SZ
002174,游族网络,SZ
002845,同兴达,SZ
300780,德恩精工,SZ
000768,中航西飞,SZ
002846,英联股份,SZ
002296,辉煌科技,SZ
301063,海锅股份,SZ
300638,广和通,SZ
002923,润都股份,SZ
300453,三鑫医疗,SZ
002184,海得控制,SZ
301160,翔楼新材,SZ
002069,獐子岛,SZ
002516,旷达科技,SZ
300334,津膜科技,SZ
301459,丰茂股份,SZ
300582,英飞特,SZ
002823,凯中精密,SZ
301201,诚达药业,SZ
001299,美能能源,SZ
300993,玉马遮阳,SZ
300615,欣天科技,SZ
002482,广田集团,SZ
301179,泽宇智能,SZ
002322,理工能科,SZ
301148,嘉戎技术,SZ
300917,特发服务,SZ
002541,鸿路钢构,SZ
002767,先锋电子,SZ
000985,大庆华科,SZ
002517,恺英网络,SZ
002982,湘佳股份,SZ
300664,鹏鹞环保,SZ
002195,岩山科技,SZ
300240,飞力达,SZ
002351,漫步者,SZ
002017,东信和平,SZ
001277,速达股份,SZ
003036,泰坦股份,SZ
300768,迪普科技,SZ
000593,德龙汇能,SZ
002753,永东股份,SZ
002073,软控股份,SZ
002232,启明信息,SZ
300567,精测电子,SZ
300084,海默科技,SZ
300248,新开普,SZ
002042,华孚时尚,SZ
300227,光韵达,SZ
301257,普蕊斯,SZ
000702,正虹科技,SZ
300770,新媒股份,SZ
301292,海科新源,SZ
002855,捷荣技术,SZ
301268,铭利达,SZ
002406,远东传动,SZ
002320,海峡股份,SZ
300261,雅本化学,SZ
002996,顺博合金,SZ
002793,罗欣药业,SZ
300272,开能健康,SZ
000705,浙江震元,SZ
301633,港迪技术,SZ
002485,ST雪发,SZ
002196,方正电机,SZ
000419,通程控股,SZ
300846,首都在线,SZ
002253,川大智胜,SZ
300265,通光线缆,SZ
300808,久量股份,SZ
300652,雷迪克,SZ
301488,豪恩汽电,SZ
301357,北方长龙,SZ
300788,中信出版,SZ
301349,信德新材,SZ
002635,安洁科技,SZ
300882,万胜智能,SZ
300868,杰美特,SZ
300095,华伍股份,SZ
002763,汇洁股份,SZ
301018,申菱环境,SZ
301098,金埔园林,SZ
000021,深科技,SZ
300998,宁波方正,SZ
000783,长江证券,SZ
300373,扬杰科技,SZ
300929,华骐环保,SZ
002802,洪汇新材,SZ
300627,华测导航,SZ
300705,九典制药,SZ
300204,舒泰神,SZ
002030,达安基因,SZ
001317,三羊马,SZ
300350,华鹏飞,SZ
300751,迈为股份,SZ
300475,香农芯创,SZ
002600,领益智造,SZ
300528,幸福蓝海,SZ
002384,东山精密,SZ
300364,中文在线,SZ
300041,回天新材,SZ
002136,安 纳 达,SZ
002696,百洋股份,SZ
301025,读客文化,SZ
300514,友讯达,SZ
002786,银宝山新,SZ
300349,金卡智能,SZ
002476,宝莫股份,SZ
301111,粤万年青,SZ
000962,东方钽业,SZ
300899,上海凯鑫,SZ
300342,天银机电,SZ
300978,东箭科技,SZ
300530,领湃科技,SZ
002731,萃华珠宝,SZ
300507,苏奥传感,SZ
300487,蓝晓科技,SZ
301221,光庭信息,SZ
300091,金通灵,SZ
002345,潮宏基,SZ
301486,致尚科技,SZ
300129,泰胜风能,SZ
301522,上大股份,SZ
002398,垒知集团,SZ
001210,金房能源,SZ
300108,*ST吉药,SZ
000153,丰原药业,SZ
300636,同和药业,SZ
002523,天桥起重,SZ
300671,富满微,SZ
301509,金凯生科,SZ
000570,苏常柴Ａ,SZ
002265,建设工业,SZ
002666,德联集团,SZ
301236,软通动力,SZ
300970,华绿生物,SZ
301059,金三江,SZ
000509,华塑控股,SZ
300634,彩讯股份,SZ
002247,聚力文化,SZ
002777,久远银海,SZ
301223,中荣股份,SZ
000795,英洛华,SZ
300864,南大环境,SZ
000837,秦川机床,SZ
300246,宝莱特,SZ
002040,南 京 港,SZ
000890,法尔胜,SZ
300212,易华录,SZ
002967,广电计量,SZ
300427,红相股份,SZ
002709,天赐材料,SZ
002466,天齐锂业,SZ
301195,北路智控,SZ
002214,大立科技,SZ
003033,征和工业,SZ
000524,岭南控股,SZ
000409,云鼎科技,SZ
300409,道氏技术,SZ
002906,华阳集团,SZ
002420,毅昌科技,SZ
301172,君逸数码,SZ
300201,海伦哲,SZ
002049,紫光国微,SZ
002077,大港股份,SZ
000798,中水渔业,SZ
000029,深深房Ａ,SZ
301080,百普赛斯,SZ
002021,中捷资源,SZ
300452,山河药辅,SZ
000738,航发控制,SZ
300043,星辉娱乐,SZ
002409,雅克科技,SZ
301079,邵阳液压,SZ
001205,盛航股份,SZ
301518,长华化学,SZ
300605,恒锋信息,SZ
002722,物产金轮,SZ
000007,全新好,SZ
300442,润泽科技,SZ
300059,东方财富,SZ
002790,瑞尔特,SZ
300873,海晨股份,SZ
002860,星帅尔,SZ
002166,莱茵生物,SZ
300523,辰安科技,SZ
300890,翔丰华,SZ
301361,众智科技,SZ
301049,超越科技,SZ
300855,图南股份,SZ
300319,麦捷科技,SZ
300318,博晖创新,SZ
300579,数字认证,SZ
301552,科力装备,SZ
000151,中成股份,SZ
002873,新天药业,SZ
000838,财信发展,SZ
003038,鑫铂股份,SZ
300957,贝泰妮,SZ
301246,宏源药业,SZ
003019,宸展光电,SZ
300315,掌趣科技,SZ
301500,飞南资源,SZ
002310,*ST东园,SZ
300224,正海磁材,SZ
002194,武汉凡谷,SZ
300982,苏文电能,SZ
300195,长荣股份,SZ
300858,科拓生物,SZ
300133,华策影视,SZ
301519,舜禹股份,SZ
301171,易点天下,SZ
300416,苏试试验,SZ
002960,青鸟消防,SZ
300404,博济医药,SZ
300412,迦南科技,SZ
002613,北玻股份,SZ
002522,浙江众成,SZ
301024,霍普股份,SZ
300215,电科院,SZ
301379,天山电子,SZ
000676,智度股份,SZ
301076,新瀚新材,SZ
000691,亚太实业,SZ
300036,超图软件,SZ
002024,ST易购,SZ
301086,鸿富瀚,SZ
000567,海德股份,SZ
300586,美联新材,SZ
301393,昊帆生物,SZ
002022,科华生物,SZ
002703,浙江世宝,SZ
301305,朗坤环境,SZ
301626,苏州天脉,SZ
300239,东宝生物,SZ
300213,佳讯飞鸿,SZ
301031,中熔电气,SZ
300738,奥飞数据,SZ
002432,九安医疗,SZ
002599,盛通股份,SZ
301556,托普云农,SZ
300206,理邦仪器,SZ
002668,TCL智家,SZ
000882,华联股份,SZ
002725,跃岭股份,SZ
002317,众生药业,SZ
000551,创元科技,SZ
300860,锋尚文化,SZ
300439,美康生物,SZ
300796,贝斯美,SZ
002652,扬子新材,SZ
000900,现代投资,SZ
301529,福赛科技,SZ
002980,华盛昌,SZ
300847,中船汉光,SZ
300478,杭州高新,SZ
000631,顺发恒业,SZ
002903,宇环数控,SZ
001225,和泰机电,SZ
002742,ST三圣,SZ
002835,同为股份,SZ
002880,卫光生物,SZ
301087,可孚医疗,SZ
301396,宏景科技,SZ
300925,法本信息,SZ
300935,盈建科,SZ
300148,天舟文化,SZ
002454,松芝股份,SZ
002112,三变科技,SZ
300759,康龙化成,SZ
300958,建工修复,SZ
001379,腾达科技,SZ
001331,胜通能源,SZ
300380,安硕信息,SZ
300735,光弘科技,SZ
002123,梦网科技,SZ
000541,佛山照明,SZ
300230,永利股份,SZ
300668,杰恩设计,SZ
001234,泰慕士,SZ
300284,苏交科,SZ
300534,陇神戎发,SZ
001238,浙江正特,SZ
000609,*ST中迪,SZ
002771,真视通,SZ
300042,朗科科技,SZ
002686,亿利达,SZ
300158,振东制药,SZ
002367,康力电梯,SZ
002155,湖南黄金,SZ
301061,匠心家居,SZ
300919,中伟股份,SZ
002882,金龙羽,SZ
002664,信质集团,SZ
300081,恒信东方,SZ
300895,铜牛信息,SZ
300536,*ST农尚,SZ
002111,威海广泰,SZ
002079,苏州固锝,SZ
301398,星源卓镁,SZ
300725,药石科技,SZ
002705,新宝股份,SZ
000755,山西高速,SZ
301206,三元生物,SZ
002072,凯瑞德,SZ
002303,美盈森,SZ
002831,裕同科技,SZ
300438,鹏辉能源,SZ
000603,盛达资源,SZ
300233,金城医药,SZ
002595,豪迈科技,SZ
300505,川金诺,SZ
002552,宝鼎科技,SZ
300285,国瓷材料,SZ
300343,联创股份,SZ
000636,风华高科,SZ
301060,兰卫医学,SZ
300601,康泰生物,SZ
000707,双环科技,SZ
002424,ST百灵,SZ
000626,远大控股,SZ
300035,中科电气,SZ
300720,海川智能,SZ
002886,沃特股份,SZ
000685,中山公用,SZ
301200,大族数控,SZ
002858,力盛体育,SZ
300406,九强生物,SZ
002766,索菱股份,SZ
000429,粤高速Ａ,SZ
000633,合金投资,SZ
002507,涪陵榨菜,SZ
002472,双环传动,SZ
300205,ST天喻,SZ
002911,佛燃能源,SZ
002864,盘龙药业,SZ
001209,洪兴股份,SZ
002586,*ST围海,SZ
000526,学大教育,SZ
300001,特锐德,SZ
300385,雪浪环境,SZ
300983,尤安设计,SZ
300193,佳士科技,SZ
300629,新劲刚,SZ
300117,*ST嘉寓,SZ
002812,恩捷股份,SZ
000166,申万宏源,SZ
300683,海特生物,SZ
300123,亚光科技,SZ
002825,纳尔股份,SZ
300161,华中数控,SZ
000828,东莞控股,SZ
300247,融捷健康,SZ
300322,硕贝德,SZ
301526,国际复材,SZ
002811,郑中设计,SZ
000997,新 大 陆,SZ
300560,中富通,SZ
300435,中泰股份,SZ
300390,天华新能,SZ
301029,怡合达,SZ
000977,浪潮信息,SZ
301057,汇隆新材,SZ
001324,长青科技,SZ
002535,林州重机,SZ
002732,燕塘乳业,SZ
300082,奥克股份,SZ
300122,智飞生物,SZ
002806,华锋股份,SZ
002643,万润股份,SZ
000926,福星股份,SZ
300418,昆仑万维,SZ
000777,中核科技,SZ
301311,昆船智能,SZ
300061,旗天科技,SZ
300502,新易盛,SZ
301026,浩通科技,SZ
002393,力生制药,SZ
002926,华西证券,SZ
002506,协鑫集成,SZ
301355,南王科技,SZ
002404,嘉欣丝绸,SZ
002827,高争民爆,SZ
301235,华康医疗,SZ
002282,博深股份,SZ
002780,三夫户外,SZ
301023,江南奕帆,SZ
000790,华神科技,SZ
002593,日上集团,SZ
301011,华立科技,SZ
000430,张家界,SZ
002008,大族激光,SZ
300164,通源石油,SZ
301190,善水科技,SZ
002240,盛新锂能,SZ
300593,新雷能,SZ
003004,声迅股份,SZ
002334,英威腾,SZ
002700,ST浩源,SZ
301395,仁信新材,SZ
300476,胜宏科技,SZ
000700,模塑科技,SZ
000008,神州高铁,SZ
002546,新联电子,SZ
002518,科士达,SZ
002488,金固股份,SZ
002023,海特高新,SZ
000519,中兵红箭,SZ
300850,新强联,SZ
300839,博汇股份,SZ
301218,华是科技,SZ
301248,杰创智能,SZ
002003,伟星股份,SZ
300862,蓝盾光电,SZ
002439,启明星辰,SZ
300179,四方达,SZ
300345,华民股份,SZ
002138,顺络电子,SZ
002571,德力股份,SZ
000970,中科三环,SZ
001282,三联锻造,SZ
000513,丽珠集团,SZ
000026,飞亚达,SZ
002441,众业达,SZ
002641,公元股份,SZ
000411,英特集团,SZ
002737,葵花药业,SZ
002383,合众思壮,SZ
000559,万向钱潮,SZ
300267,尔康制药,SZ
002407,多氟多,SZ
000833,粤桂股份,SZ
002455,百川股份,SZ
300775,三角防务,SZ
300918,南山智尚,SZ
002479,富春环保,SZ
000062,深圳华强,SZ
300608,思特奇,SZ
000612,焦作万方,SZ
000782,恒申新材,SZ
002968,新大正,SZ
000821,京山轻机,SZ
300360,炬华科技,SZ
002358,森源电气,SZ
000031,大悦城,SZ
300533,冰川网络,SZ
002993,奥海科技,SZ
002939,长城证券,SZ
002592,ST八菱,SZ
002565,顺灏股份,SZ
002095,生 意 宝,SZ
300250,初灵信息,SZ
000812,陕西金叶,SZ
002043,兔 宝 宝,SZ
002520,日发精机,SZ
002401,中远海科,SZ
000728,国元证券,SZ
001339,智微智能,SZ
300945,曼卡龙,SZ
000560,我爱我家,SZ
000049,德赛电池,SZ
300825,阿尔特,SZ
002302,西部建设,SZ
300006,莱美药业,SZ
300015,爱尔眼科,SZ
300616,尚品宅配,SZ
002788,鹭燕医药,SZ
002678,珠江钢琴,SZ
003027,同兴环保,SZ
300680,隆盛科技,SZ
001236,弘业期货,SZ
300756,金马游乐,SZ
300815,玉禾田,SZ
301012,扬电科技,SZ
002483,润邦股份,SZ
301168,通灵股份,SZ
300649,杭州园林,SZ
300357,我武生物,SZ
002563,森马服饰,SZ
002370,亚太药业,SZ
300999,金龙鱼,SZ
300419,ST浩丰,SZ
000538,云南白药,SZ
300103,达刚控股,SZ
300766,每日互动,SZ
002828,贝肯能源,SZ
301327,华宝新能,SZ
000402,金 融 街,SZ
301489,思泉新材,SZ
300628,亿联网络,SZ
300457,赢合科技,SZ
002067,景兴纸业,SZ
300083,创世纪,SZ
002212,天融信,SZ
000786,北新建材,SZ
003020,立方制药,SZ
300614,百川畅银,SZ
301219,腾远钴业,SZ
002693,双成药业,SZ
002234,民和股份,SZ
300128,锦富技术,SZ
000913,钱江摩托,SZ
301613,新铝时代,SZ
300817,双飞集团,SZ
002005,ST德豪,SZ
300370,安控科技,SZ
002348,高乐股份,SZ
000415,渤海租赁,SZ
002940,昂利康,SZ
300932,三友联众,SZ
301618,长联科技,SZ
001269,欧晶科技,SZ
003013,地铁设计,SZ
002287,奇正藏药,SZ
002760,凤形股份,SZ
002580,圣阳股份,SZ
000868,安凯客车,SZ
002298,中电兴发,SZ
002644,佛慈制药,SZ
000639,西王食品,SZ
301089,拓新药业,SZ
002734,利民股份,SZ
002543,万和电气,SZ
300075,数字政通,SZ
002323,雅博股份,SZ
000421,南京公用,SZ
300073,当升科技,SZ
002642,荣联科技,SZ
300985,致远新能,SZ
002692,远程股份,SZ
300288,朗玛信息,SZ
002548,金新农,SZ
300352,北信源,SZ
002448,中原内配,SZ
002912,中新赛克,SZ
002537,海联金汇,SZ
002519,银河电子,SZ
002369,卓翼科技,SZ
301166,优宁维,SZ
000534,万泽股份,SZ
002144,宏达高科,SZ
300039,上海凯宝,SZ
002434,万里扬,SZ
000514,渝 开 发,SZ
301047,义翘神州,SZ
002399,海普瑞,SZ
300867,圣元环保,SZ
001311,多利科技,SZ
300635,中达安,SZ
002094,青岛金王,SZ
002462,嘉事堂,SZ
301559,中集环科,SZ
301071,力量钻石,SZ
002857,三晖电气,SZ
300963,中洲特材,SZ
300207,欣旺达,SZ
300316,晶盛机电,SZ
000811,冰轮环境,SZ
002496,辉丰股份,SZ
301608,博实结,SZ
300251,光线传媒,SZ
000988,华工科技,SZ
000901,航天科技,SZ
301185,鸥玛软件,SZ
300018,中元股份,SZ
002326,永太科技,SZ
002074,国轩高科,SZ
002190,成飞集成,SZ
301048,金鹰重工,SZ
300633,开立医疗,SZ
002838,道恩股份,SZ
002192,融捷股份,SZ
300422,博世科,SZ
002682,龙洲股份,SZ
002458,益生股份,SZ
300702,天宇股份,SZ
000404,长虹华意,SZ
000981,山子高科,SZ
002097,山河智能,SZ
002661,克明食品,SZ
002801,微光股份,SZ
300990,同飞股份,SZ
002452,长高电新,SZ
300146,汤臣倍健,SZ
002245,蔚蓝锂芯,SZ
300008,天海防务,SZ
002677,浙江美大,SZ
300594,朗进科技,SZ
000718,苏宁环球,SZ
300307,慈星股份,SZ
301267,华厦眼科,SZ
300058,蓝色光标,SZ
300590,移为通信,SZ
002176,江特电机,SZ
301205,联特科技,SZ
002153,石基信息,SZ
002626,金达威,SZ
002391,长青股份,SZ
000721,西安饮食,SZ
001216,华瓷股份,SZ
301239,普瑞眼科,SZ
002349,精华制药,SZ
300187,永清环保,SZ
300835,龙磁科技,SZ
000803,山高环能,SZ
300271,华宇软件,SZ
301399,英特科技,SZ
301175,中科环保,SZ
300366,创意信息,SZ
002727,一心堂,SZ
002590,万安科技,SZ
002333,罗普斯金,SZ
300160,秀强股份,SZ
301109,军信股份,SZ
001872,招商港口,SZ
002947,恒铭达,SZ
002132,恒星科技,SZ
000893,亚钾国际,SZ
301252,同星科技,SZ
300620,光库科技,SZ
300009,安科生物,SZ
300947,德必集团,SZ
002200,ST交投,SZ
300619,金银河,SZ
300355,蒙草生态,SZ
300069,金利华电,SZ
002536,飞龙股份,SZ
002157,正邦科技,SZ
000531,穗恒运Ａ,SZ
000952,广济药业,SZ
001208,华菱线缆,SZ
300079,数码视讯,SZ
300881,盛德鑫泰,SZ
000066,中国长城,SZ
002747,埃斯顿,SZ
002228,合兴包装,SZ
002230,科大讯飞,SZ
300573,兴齐眼药,SZ
000972,中基健康,SZ
002292,奥飞娱乐,SZ
002869,金溢科技,SZ
300140,节能环境,SZ
002773,康弘药业,SZ
002558,巨人网络,SZ
002917,金奥博,SZ
002440,闰土股份,SZ
300471,厚普股份,SZ
002969,嘉美包装,SZ
300482,万孚生物,SZ
002114,罗平锌电,SZ
002649,博彦科技,SZ
002378,章源钨业,SZ
000839,中信国安,SZ
002363,隆基机械,SZ
002046,国机精工,SZ
002489,浙江永强,SZ
300111,向日葵,SZ
002651,利君股份,SZ
002395,双象股份,SZ
300727,润禾材料,SZ
300455,航天智装,SZ
002066,瑞泰科技,SZ
001979,招商蛇口,SZ
301216,万凯新材,SZ
000851,ST高鸿,SZ
002355,兴民智通,SZ
002342,巨力索具,SZ
300228,富瑞特装,SZ
002446,盛路通信,SZ
002596,海南瑞泽,SZ
300033,同花顺,SZ
003009,中天火箭,SZ
002716,湖南白银,SZ
000568,泸州老窖,SZ
000762,西藏矿业,SZ
300595,欧普康视,SZ
002736,国信证券,SZ
002108,沧州明珠,SZ
002356,赫美集团,SZ
300358,楚天科技,SZ
002076,星光股份,SZ
000563,陕国投Ａ,SZ
000922,佳电股份,SZ
002775,文科股份,SZ
300259,新天科技,SZ
300376,ST易事特,SZ
000001,平安银行,SZ
300190,维尔利,SZ
000590,启迪药业,SZ
301096,百诚医药,SZ
002151,北斗星通,SZ
300011,鼎汉技术,SZ
000510,新金路,SZ
002615,哈尔斯,SZ
300188,国投智能,SZ
000605,渤海股份,SZ
000910,大亚圣象,SZ
002870,香山股份,SZ
300317,珈伟新能,SZ
300168,万达信息,SZ
002093,国脉科技,SZ
300118,东方日升,SZ
300682,朗新集团,SZ
300047,天源迪科,SZ
300706,阿石创,SZ
301468,博盈特焊,SZ
300065,海兰信,SZ
000750,国海证券,SZ
301397,溯联股份,SZ
001360,南矿集团,SZ
002927,泰永长征,SZ
002294,信立泰,SZ
002224,三 力 士,SZ
300545,联得装备,SZ
300257,开山股份,SZ
300194,福安药业,SZ
300080,易成新能,SZ
002863,今飞凯达,SZ
300773,拉卡拉,SZ
300569,天能重工,SZ
002567,唐人神,SZ
300034,钢研高纳,SZ
002373,千方科技,SZ
002173,创新医疗,SZ
002646,天佑德酒,SZ
000548,湖南投资,SZ
301262,海看股份,SZ
300332,天壕能源,SZ
000557,西部创业,SZ
000155,川能动力,SZ
301356,天振股份,SZ
300818,耐普矿机,SZ
300384,三联虹普,SZ
300226,上海钢联,SZ
002746,仙坛股份,SZ
002538,司尔特,SZ
301177,迪阿股份,SZ
300291,百纳千成,SZ
002675,东诚药业,SZ
002550,千红制药,SZ
002158,汉钟精机,SZ
000905,厦门港务,SZ
300499,高澜股份,SZ
301505,苏州规划,SZ
300050,世纪鼎利,SZ
300973,立高食品,SZ
300088,长信科技,SZ
002178,延华智能,SZ
000831,中国稀土,SZ
300869,康泰医学,SZ
002608,江苏国信,SZ
001239,永达股份,SZ
300388,节能国祯,SZ
000990,诚志股份,SZ
002170,芭田股份,SZ
300363,博腾股份,SZ
000544,中原环保,SZ
000561,烽火电子,SZ
300387,富邦股份,SZ
002037,保利联合,SZ
000948,南天信息,SZ
301508,中机认检,SZ
300896,爱美客,SZ
000403,派林生物,SZ
300926,博俊科技,SZ
300578,会畅通讯,SZ
300433,蓝思科技,SZ
300603,立昂技术,SZ
000045,深纺织Ａ,SZ
002768,国恩股份,SZ
002182,宝武镁业,SZ
002410,广联达,SZ
002271,东方雨虹,SZ
000885,城发环境,SZ
000422,湖北宜化,SZ
300377,赢时胜,SZ
000028,国药一致,SZ
002034,旺能环境,SZ
300428,立中集团,SZ
002841,视源股份,SZ
300031,宝通科技,SZ
301538,骏鼎达,SZ
300308,中际旭创,SZ
301589,诺瓦星云,SZ
000158,常山北明,SZ
300880,迦南智能,SZ
301293,三博脑科,SZ
000408,藏格矿业,SZ
301128,强瑞技术,SZ
000034,神州数码,SZ
300969,恒帅股份,SZ
301617,博苑股份,SZ
301581,黄山谷捷,SZ
301458,钧崴电子,SZ
301382,蜂助手,SZ
301193,家联科技,SZ
301151,冠龙节能,SZ
301052,果麦文化,SZ
301015,百洋医药,SZ
300821,东岳硅材,SZ
300799,左江退,SZ
300742,越博退,SZ
300732,设研院,SZ
300686,智动力,SZ
300676,华大基因,SZ
300639,凯普生物,SZ
300597,吉大通信,SZ
300587,天铁股份,SZ
300532,今天国际,SZ
300526,中潜退,SZ
300525,博思软件,SZ
300495,*ST美尚,SZ
300490,华自科技,SZ
300431,暴风退,SZ
300392,腾信退,SZ
300372,欣泰退,SZ
300367,网力退,SZ
300362,天翔退,SZ
300356,光一退,SZ
300336,新文退,SZ
300330,计通退,SZ
300325,德威退,SZ
300312,邦讯退,SZ
300309,吉艾退,SZ
300297,蓝盾退,SZ
300292,吴通控股,SZ
300282,三盛退,SZ
300281,金明精机,SZ
300273,和佳退,SZ
300262,*ST巴安,SZ
300253,卫宁健康,SZ
300237,美晨科技,SZ
300216,千山退,SZ
300208,*ST中程,SZ
300202,聚龙退,SZ
300186,大华农,SZ
300180,华峰超纤,SZ
300178,腾邦退,SZ
300163,ST先锋,SZ
300156,神雾退,SZ
300116,*ST保力,SZ
300104,乐视退,SZ
300090,盛运退,SZ
300089,文化退,SZ
300064,金刚退,SZ
300038,数知退,SZ
300030,阳普医疗,SZ
300028,金亚退,SZ
300027,华谊兄弟,SZ
300026,红日药业,SZ
300023,宝德退,SZ
002931,锋龙股份,SZ
002781,奇信退,SZ
002776,*ST柏龙,SZ
002770,科迪退,SZ
002751,易尚退,SZ
002740,*ST爱迪,SZ
002711,欧浦退,SZ
002699,*ST美盛,SZ
002684,猛狮退,SZ
002683,广东宏大,SZ
002680,长生退,SZ
002673,西部证券,SZ
002665,ST航高,SZ
002656,ST摩登,SZ
002627,三峡旅游,SZ
002621,*ST美吉,SZ
002619,*ST艾格,SZ
002618,丹邦退,SZ
002614,奥佳华,SZ
002610,ST爱康,SZ
002609,捷顺科技,SZ
002604,龙力退,SZ
002562,兄弟科技,SZ
002547,春兴精工,SZ
002545,东方铁塔,SZ
002542,中化岩土,SZ
002540,亚太科技,SZ
002524,光正眼科,SZ
002511,中顺洁柔,SZ
002509,天茂退,SZ
002505,鹏都农牧,SZ
002504,*ST弘高,SZ
002503,*ST搜特,SZ
002502,ST鼎龙,SZ
002500,山西证券,SZ
002499,科林退,SZ
002477,雏鹰退,SZ
002473,圣莱退,SZ
002470,金正大,SZ
002469,三维化学,SZ
002464,众应退,SZ
002450,康得退,SZ
002447,晨鑫退,SZ
002443,金洲管道,SZ
002442,龙星化工,SZ
002437,誉衡药业,SZ
002435,ST长康,SZ
002433,太安退,SZ
002429,兆驰股份,SZ
002417,深南退,SZ
002411,必康退,SZ
002368,太极股份,SZ
002359,北讯退,SZ
002341,ST新纶,SZ
002325,*ST洪涛,SZ
002309,*ST中利,SZ
002308,*ST威创,SZ
002293,罗莱生活,SZ
002288,*ST超华,SZ
002285,世联行,SZ
002280,ST联络,SZ
002267,陕天然气,SZ
002260,德奥退,SZ
002221,东华能源,SZ
002220,天宝退,SZ
002211,宏达新材,SZ
002202,金风科技,SZ
002147,新光退,SZ
002143,印纪退,SZ
002141,*ST贤丰,SZ
002118,*ST紫鑫,SZ
002113,*ST天润,SZ
002109,兴化股份,SZ
002092,ST中泰,SZ
002089,新海退,SZ
002087,新纺退,SZ
002071,长城退,SZ
002070,众和退,SZ
002065,东华软件,SZ
002027,分众传媒,SZ
002018,华信退,SZ
002015,协鑫能科,SZ
002013,中航机电,SZ
002002,ST鸿达,SZ
001391,国货航,SZ
001287,中电港,SZ
001278,一彬科技,SZ
001213,中铁特货,SZ
000996,中期退,SZ
000982,中银绒业,SZ
000979,中弘退,SZ
000976,*ST华铁,SZ
000971,*ST高升,SZ
000961,ST中南,SZ
000956,中原油气,SZ
000939,凯迪退,SZ
000918,*ST嘉凯,SZ
000917,电广传媒,SZ
000916,华北高速,SZ
000909,ST数源,SZ
000881,中广核技,SZ
000866,扬子石化,SZ
000861,海印股份,SZ
000850,华茂股份,SZ
000836,ST富通,SZ
000835,长动退,SZ
000832,*ST龙涤,SZ
000827,*ST长兴,SZ
000817,辽河油田,SZ
000806,银河退,SZ
000805,*ST炎黄,SZ
000787,*ST创智,SZ
000780,ST平能,SZ
000769,*ST大菲,SZ
000765,*ST华信,SZ
000763,锦州石化,SZ
000760,斯太退,SZ
000748,长城信息,SZ
000732,ST泰禾,SZ
000730,*ST环保,SZ
000727,冠捷科技,SZ
000726,鲁  泰Ａ,SZ
000699,S*ST佳纸,SZ
000693,华泽退,SZ
000689,ST宏业,SZ
000687,华讯退,SZ
000675,ST银山,SZ
000673,当代退,SZ
000671,ST阳光城,SZ
000668,荣丰控股,SZ
000667,ST美置,SZ
000666,经纬纺机,SZ
000662,天夏退,SZ
000660,*ST南华,SZ
000658,ST海洋,SZ
000653,ST九州,SZ
000650,仁和药业,SZ
000625,长安汽车,SZ
000621,*ST比特,SZ
000618,吉林化工,SZ
000616,*ST海投,SZ
000613,东海A退,SZ
000611,天首退,SZ
000606,顺利退,SZ
000602,金马集团,SZ
000598,兴蓉环境,SZ
000594,国恒退,SZ
000588,PT粤金曼,SZ
000587,*ST金洲,SZ
000585,东电退,SZ
000583,S*ST托普,SZ
000581,威孚高科,SZ
000578,盐湖集团,SZ
000571,新大洲A,SZ
000569,长城股份,SZ
000564,供销大集,SZ
000562,宏源证券,SZ
000556,PT南洋,SZ
000549,S湘火炬,SZ
000542,TCL通讯,SZ
000540,*ST中天,SZ
000535,*ST猴王,SZ
000533,顺钠股份,SZ
000529,广弘控股,SZ
000527,美的电器,SZ
000522,白云山A,SZ
000515,攀渝钛业,SZ
000511,烯碳退,SZ
000508,琼民源A,SZ
000502,绿景退,SZ
000501,武商集团,SZ
000420,吉林化纤,SZ
000418,小天鹅A,SZ
000416,*ST民控,SZ
000413,ST旭电,SZ
000412,ST五环,SZ
000410,沈阳机床,SZ
000407,胜利股份,SZ
000406,石油大明,SZ
000405,ST鑫光,SZ
000338,潍柴动力,SZ
000150,*ST宜康,SZ
000078,海王生物,SZ
000061,农 产 品,SZ
000047,ST中侨,SZ
000046,*ST泛海,SZ
000038,大通退,SZ
000033,新都退,SZ
000024,招商地产,SZ
000023,*ST深天,SZ
000018,神城A退,SZ
000015,PT中浩A,SZ
000013,*ST石化A,SZ
000005,ST星源,SZ
000003,PT金田A,SZ
300870,欧陆通,SZ
300776,帝尔激光,SZ
301073,君亭酒店,SZ
300684,中石科技,SZ
002229,鸿博股份,SZ
300979,华利集团,SZ
000610,西安旅游,SZ
001359,平安电工,SZ
002056,横店东磁,SZ
300142,沃森生物,SZ
002080,中材科技,SZ
300130,新国都,SZ
300693,盛弘股份,SZ
001380,华纬科技,SZ
003032,传智教育,SZ
300166,东方国信,SZ
300859,西域旅游,SZ
002238,天威视讯,SZ
301265,华新环保,SZ
002761,浙江建投,SZ
002268,电科网安,SZ
000596,古井贡酒,SZ
300694,蠡湖股份,SZ
300115,长盈精密,SZ
002258,利尔化学,SZ
300527,中船应急,SZ
001322,箭牌家居,SZ
002057,中钢天源,SZ
000935,四川双马,SZ
000712,锦龙股份,SZ
002299,圣农发展,SZ
000716,黑芝麻,SZ
001337,四川黄金,SZ
300264,佳创视讯,SZ
002100,天康生物,SZ
300677,英科医疗,SZ
300602,飞荣达,SZ
300071,福石控股,SZ
301125,腾亚精工,SZ
002101,广东鸿图,SZ
301363,美好医疗,SZ
002150,通润装备,SZ
000417,合百集团,SZ
300223,北京君正,SZ
301345,涛涛车业,SZ
000953,河化股份,SZ
300183,东软载波,SZ
000048,京基智农,SZ
300713,英可瑞,SZ
002833,弘亚数控,SZ
300242,佳云科技,SZ
002012,凯恩股份,SZ
300172,中电环保,SZ
002382,蓝帆医疗,SZ
000597,东北制药,SZ
300737,科顺股份,SZ
000931,中 关 村,SZ
300217,东方电热,SZ
000546,金圆股份,SZ
002140,东华科技,SZ
000589,贵州轮胎,SZ
002821,凯莱英,SZ
000860,顺鑫农业,SZ
000009,中国宝安,SZ
002670,国盛金控,SZ
000688,国城矿业,SZ
300014,亿纬锂能,SZ
300254,仟源医药,SZ
002004,华邦健康,SZ
300463,迈克生物,SZ
000888,峨眉山Ａ,SZ
301353,普莱得,SZ
000036,华联控股,SZ
300669,沪宁股份,SZ
000858,五 粮 液,SZ
002236,大华股份,SZ
002581,未名医药,SZ
000776,广发证券,SZ
002251,ST步步高,SZ
300003,乐普医疗,SZ
000739,普洛药业,SZ
002465,海格通信,SZ
000785,居然智家,SZ
002941,新疆交建,SZ
300232,洲明科技,SZ
000547,航天发展,SZ
300454,深信服,SZ
002307,北新路桥,SZ
000820,神雾节能,SZ
300871,回盛生物,SZ
002189,中光学,SZ
002662,京威股份,SZ
002104,恒宝股份,SZ
300051,琏升科技,SZ
002120,韵达股份,SZ
002039,黔源电力,SZ
002422,科伦药业,SZ
300394,天孚通信,SZ
002019,亿帆医药,SZ
300196,长海股份,SZ
001255,博菲电气,SZ
301207,华兰疫苗,SZ
002038,双鹭药业,SZ
002001,新 和 成,SZ
000623,吉林敖东,SZ
301139,元道通信,SZ
002086,东方海洋,SZ
000628,高新发展,SZ
002381,双箭股份,SZ
002842,翔鹭钨业,SZ
002161,远 望 谷,SZ
001289,龙源电力,SZ
000710,贝瑞基因,SZ
300568,星源材质,SZ
000906,浙商中拓,SZ
002025,航天电器,SZ
000663,永安林业,SZ
300529,健帆生物,SZ
002374,中锐股份,SZ
000657,中钨高新,SZ
300761,立华股份,SZ
002805,丰元股份,SZ
000505,京粮控股,SZ
000488,晨鸣纸业,SZ
301307,美利信,SZ
300119,瑞普生物,SZ
300500,启迪设计,SZ
000050,深天马Ａ,SZ
003016,欣贺股份,SZ
002679,福建金森,SZ
001203,大中矿业,SZ
000797,中国武夷,SZ
000703,恒逸石化,SZ
000058,深 赛 格,SZ
000006,深振业Ａ,SZ
002961,瑞达期货,SZ
002124,ST天邦,SZ
000069,华侨城Ａ,SZ
300185,通裕重工,SZ
002929,润建股份,SZ
002249,大洋电机,SZ
000686,东北证券,SZ
300540,蜀道装备,SZ
301161,唯万密封,SZ
300055,万邦达,SZ
000869,张  裕Ａ,SZ
002990,盛视科技,SZ
300057,万顺新材,SZ
300198,纳川股份,SZ
002492,恒基达鑫,SZ
300437,清水源,SZ
300485,赛升药业,SZ
300396,迪瑞医疗,SZ
002217,*ST合泰,SZ
002254,泰和新材,SZ
002376,新北洋,SZ
002159,三特索道,SZ
002457,青龙管业,SZ
002343,慈文传媒,SZ
002252,上海莱士,SZ
300657,弘信电子,SZ
002922,伊戈尔,SZ
002623,亚玛顿,SZ
002660,茂硕电源,SZ
301326,捷邦科技,SZ
000949,新乡化纤,SZ
002062,宏润建设,SZ
002672,东江环保,SZ
300218,安利股份,SZ
300004,南风股份,SZ
300066,三川智慧,SZ
002385,大北农,SZ
301113,雅艺科技,SZ
000993,闽东电力,SZ
000968,蓝焰控股,SZ
002011,盾安环境,SZ
300811,铂科新材,SZ
002905,金逸影视,SZ
002992,宝明科技,SZ
000601,韶能股份,SZ
002318,久立特材,SZ
002936,郑州银行,SZ
301215,中汽股份,SZ
300010,豆神教育,SZ
002791,坚朗五金,SZ
300884,狄耐克,SZ
002375,亚厦股份,SZ
301035,润丰股份,SZ
300294,博雅生物,SZ
000554,泰山石油,SZ
301358,湖南裕能,SZ
300097,ST智云,SZ
300203,聚光科技,SZ
300778,新城市,SZ
002539,云图控股,SZ
300470,中密控股,SZ
002160,常铝股份,SZ
002274,华昌化工,SZ
300268,ST佳沃,SZ
000957,中通客车,SZ
002031,巨轮智能,SZ
000713,丰乐种业,SZ
002415,海康威视,SZ
300211,亿通科技,SZ
300067,安诺其,SZ
002819,东方中科,SZ
002105,信隆健康,SZ
002233,塔牌集团,SZ
002645,华宏科技,SZ
000813,德展健康,SZ
002916,深南电路,SZ
002884,凌霄泵业,SZ
000617,中油资本,SZ
300715,凯伦股份,SZ
002075,沙钢股份,SZ
001201,东瑞股份,SZ
002498,汉缆股份,SZ
002706,良信股份,SZ
002350,北京科锐,SZ
002392,北京利尔,SZ
002653,海思科,SZ
300848,美瑞新材,SZ
002438,江苏神通,SZ
002055,得润电子,SZ
300369,绿盟科技,SZ
000333,美的集团,SZ
002578,闽发铝业,SZ
002340,格林美,SZ
002183,怡 亚 通,SZ
300467,迅游科技,SZ
000655,金岭矿业,SZ
000088,盐 田 港,SZ
002048,宁波华翔,SZ
002999,天禾股份,SZ
002534,西子洁能,SZ
000060,中金岭南,SZ
002589,瑞康医药,SZ
002346,柘中股份,SZ
000680,山推股份,SZ
300709,精研科技,SZ
300263,隆华科技,SZ
002966,苏州银行,SZ
300143,盈康生命,SZ
002605,姚记科技,SZ
300124,汇川技术,SZ
002129,TCL中环,SZ
000911,广农糖业,SZ
002152,广电运通,SZ
000572,海马汽车,SZ
002125,湘潭电化,SZ
002386,天原股份,SZ
002887,绿茵生态,SZ
300347,泰格医药,SZ
003039,顺控发展,SZ
000582,北部湾港,SZ
300621,维业股份,SZ
002053,云南能投,SZ
002958,青农商行,SZ
000852,石化机械,SZ
300152,新动力,SZ
000912,泸天化,SZ
300675,建科院,SZ
000963,华东医药,SZ
002206,海 利 得,SZ
300577,开润股份,SZ
002091,江苏国泰,SZ
002237,恒邦股份,SZ
300459,汤姆猫,SZ
002601,龙佰集团,SZ
002014,永新股份,SZ
002059,云南旅游,SZ
000592,平潭发展,SZ
300063,天龙集团,SZ
000652,泰达股份,SZ
001965,招商公路,SZ
000930,中粮科技,SZ
001231,农心科技,SZ
002490,ST墨龙,SZ
300012,华测检测,SZ
002032,苏 泊 尔,SZ
002423,中粮资本,SZ
002573,清新环境,SZ
002300,太阳电缆,SZ
300772,运达股份,SZ
002133,广宇集团,SZ
300430,诚益通,SZ
002064,华峰化学,SZ
002284,亚太股份,SZ
003040,楚天龙,SZ
002390,信邦制药,SZ
300037,新宙邦,SZ
002244,滨江集团,SZ
002262,恩华药业,SZ
000014,沙河股份,SZ
002560,通达股份,SZ
001286,陕西能源,SZ
002263,大东南,SZ
000019,深粮控股,SZ
000012,南  玻Ａ,SZ
300861,美畅股份,SZ
301038,深水规院,SZ
000876,新 希 望,SZ
300072,海新能科,SZ
002126,银轮股份,SZ
002445,中南文化,SZ
300381,溢多利,SZ
002758,浙农股份,SZ
002986,宇新股份,SZ
002314,南山控股,SZ
002331,皖通科技,SZ
000920,沃顿科技,SZ
000895,双汇发展,SZ
000027,深圳能源,SZ
002421,达实智能,SZ
000897,津滨发展,SZ
001217,华尔泰,SZ
002555,三七互娱,SZ
000733,振华科技,SZ
002063,远光软件,SZ
002715,登云股份,SZ
002632,道明光学,SZ
002204,大连重工,SZ
002783,凯龙股份,SZ
002762,金发拉比,SZ
002117,东港股份,SZ
002602,ST华通,SZ
300897,山科智能,SZ
000987,越秀资本,SZ
000591,太阳能,SZ
000779,甘咨询,SZ
002010,传化智联,SZ
300498,温氏股份,SZ
002419,天虹股份,SZ
000960,锡业股份,SZ
002020,京新药业,SZ
002463,沪电股份,SZ
000708,中信特钢,SZ
002532,天山铝业,SZ
000736,中交地产,SZ
000863,三湘印象,SZ
300374,中铁装配,SZ
000539,粤电力Ａ,SZ
002135,东南网架,SZ
000089,深圳机场,SZ
002493,荣盛石化,SZ
000715,中兴商业,SZ
000065,北方国际,SZ
300407,凯发电气,SZ
300314,戴维医疗,SZ
002197,ST证通,SZ
300760,迈瑞医疗,SZ
002707,众信旅游,SZ
300393,中来股份,SZ
000651,格力电器,SZ
000998,隆平高科,SZ
001323,慕思股份,SZ
000550,江铃汽车,SZ
002128,电投能源,SZ
000725,京东方Ａ,SZ
002533,金杯电工,SZ
000731,四川美丰,SZ
002839,张家港行,SZ
300141,和顺电气,SZ
002088,鲁阳节能,SZ
002561,徐家汇,SZ
002475,立讯精密,SZ
002526,山东矿机,SZ
300933,中辰股份,SZ
002807,江阴银行,SZ
000862,银星能源,SZ
002054,德美化工,SZ
002951,*ST金时,SZ
000722,湖南发展,SZ
301176,逸豪新材,SZ
002902,铭普光磁,SZ
000011,深物业A,SZ
000629,钒钛股份,SZ
000737,北方铜业,SZ
300311,任子行,SZ
300930,屹通新材,SZ
000661,长春高新,SZ
002648,卫星化学,SZ
301102,兆讯传媒,SZ
002146,荣盛发展,SZ
000751,锌业股份,SZ
300497,富祥药业,SZ
000822,山东海化,SZ
002920,德赛西威,SZ
000883,湖北能源,SZ
000791,甘肃能源,SZ
000719,中原传媒,SZ
003042,中农联合,SZ
002142,宁波银行,SZ
000975,山金国际,SZ
000516,国际医学,SZ
000723,美锦能源,SZ
002078,太阳纸业,SZ
301577,美信科技,SZ
000978,桂林旅游,SZ
002554,惠博普,SZ
000683,远兴能源,SZ
000552,甘肃能化,SZ
002948,青岛银行,SZ
000711,*ST京蓝,SZ
002733,雄韬股份,SZ
002955,鸿合科技,SZ
002757,南兴股份,SZ
000983,山西焦煤,SZ
002191,劲嘉股份,SZ
001301,尚太科技,SZ
002033,丽江股份,SZ
300175,朗源股份,SZ
002597,金禾实业,SZ
000830,鲁西化工,SZ
301386,未来电器,SZ
002372,伟星新材,SZ
300910,瑞丰新材,SZ
000063,中兴通讯,SZ
300144,宋城演艺,SZ
000030,富奥股份,SZ
000025,特  力Ａ,SZ
300214,日科化学,SZ
300612,宣亚国际,SZ
002208,合肥城建,SZ
300220,金运激光,SZ
000039,中集集团,SZ
002430,杭氧股份,SZ
002659,凯文教育,SZ
002353,杰瑞股份,SZ
000002,万  科Ａ,SZ
300048,合康新能,SZ
002556,辉隆股份,SZ
300520,科大国创,SZ
002984,森麒麟,SZ
000923,河钢资源,SZ
000758,中色股份,SZ
000958,电投产融,SZ
000035,中国天楹,SZ
001227,兰州银行,SZ
002588,史丹利,SZ
000878,云南铜业,SZ
000800,一汽解放,SZ
000965,天保基建,SZ
300040,九洲集团,SZ
002061,浙江交科,SZ
300547,川环科技,SZ
000059,华锦股份,SZ
300479,神思电子,SZ
000637,茂化实华,SZ
000517,荣安地产,SZ
002937,兴瑞科技,SZ
000630,铜陵有色,SZ
301516,中远通,SZ
002749,国光股份,SZ
003006,百亚股份,SZ
000682,东方电子,SZ
002702,海欣食品,SZ
002266,浙富控股,SZ
300662,科锐国际,SZ
000620,新华联,SZ
002712,思美传媒,SZ
000966,长源电力,SZ
000892,欢瑞世纪,SZ
000826,启迪环境,SZ
000796,凯撒旅业,SZ
000792,盐湖股份,SZ
000672,上峰水泥,SZ
300763,锦浪科技,SZ
002451,摩恩电气,SZ
300905,宝丽迪,SZ
300783,三只松鼠,SZ
300583,赛托生物,SZ
000778,新兴铸管,SZ
300070,碧水源,SZ
002444,巨星科技,SZ
002050,三花智控,SZ
002081,金 螳 螂,SZ
002881,美格智能,SZ
300022,吉峰科技,SZ
000010,美丽生态,SZ
300994,久祺股份,SZ
002408,齐翔腾达,SZ
300667,必创科技,SZ
002697,红旗连锁,SZ
000789,万年青,SZ
300685,艾德生物,SZ
002313,日海智能,SZ
300832,新产业,SZ
002718,友邦吊顶,SZ
002515,金字火腿,SZ
002879,长缆科技,SZ
300401,花园生物,SZ
002243,力合科创,SZ
002606,大连电瓷,SZ
002218,拓日新能,SZ
300197,节能铁汉,SZ
002908,德生科技,SZ
000301,东方盛虹,SZ
300493,润欣科技,SZ
300443,金雷股份,SZ
002083,孚日股份,SZ
000090,天健集团,SZ
000967,盈峰环境,SZ
000037,深南电A,SZ
300827,上能电气,SZ
000927,中国铁物,SZ
002671,龙泉股份,SZ
002459,晶澳科技,SZ
001330,博纳影业,SZ
000157,中联重科,SZ
300016,北陆药业,SZ
002402,和而泰,SZ
000816,智慧农业,SZ
300510,金冠股份,SZ
002099,海翔药业,SZ
001914,招商积余,SZ
000498,山东路桥,SZ
002226,江南化工,SZ
000802,北京文化,SZ
002162,悦心健康,SZ
000902,新洋丰,SZ
003816,中国广核,SZ
000767,晋控电力,SZ
002799,环球印务,SZ
002198,嘉应制药,SZ
301058,中粮科工,SZ
300244,迪安诊断,SZ
002148,北纬科技,SZ
000156,华数传媒,SZ
000921,海信家电,SZ
002714,牧原股份,SZ
003012,东鹏控股,SZ
002427,尤夫股份,SZ
002797,第一创业,SZ
002041,登海种业,SZ
000937,冀中能源,SZ
002035,华帝股份,SZ
300274,阳光电源,SZ
002528,ST英飞拓,SZ
300708,聚灿光电,SZ
301004,嘉益股份,SZ
300464,星徽股份,SZ
300021,大禹节水,SZ
000825,太钢不锈,SZ
002016,世荣兆业,SZ
000521,长虹美菱,SZ
000504,南华生物,SZ
300651,金陵体育,SZ
000428,华天酒店,SZ
002336,*ST人乐,SZ
301533,威马农机,SZ
000690,宝新能源,SZ
002551,尚荣医疗,SZ
002701,奥瑞金,SZ
300279,和晶科技,SZ
002978,安宁股份,SZ
002861,瀛通通讯,SZ
300415,伊之密,SZ
000656,*ST金科,SZ
300866,安克创新,SZ
002521,齐峰新材,SZ
002945,华林证券,SZ
002572,索菲亚,SZ
002755,奥赛康,SZ
301039,中集车辆,SZ
300492,华图山鼎,SZ
300052,中青宝,SZ
300828,锐新科技,SZ
002311,海大集团,SZ
002594,比亚迪,SZ
301371,敷尔佳,SZ
000400,许继电气,SZ
002688,金河生物,SZ
000959,首钢股份,SZ
003001,中岩大地,SZ
000938,紫光股份,SZ
002859,洁美科技,SZ
300976,达瑞电子,SZ
002028,思源电气,SZ
002467,二六三,SZ
000100,TCL科技,SZ
003029,吉大正元,SZ
300395,菲利华,SZ
002403,爱仕达,SZ
002332,仙琚制药,SZ
000401,冀东水泥,SZ
002591,恒大高新,SZ
300921,南凌科技,SZ
003035,南网能源,SZ
002347,泰尔股份,SZ
300496,中科创达,SZ
000875,吉电股份,SZ
002739,万达电影,SZ
301388,欣灵电气,SZ
000068,华控赛格,SZ
002453,华软科技,SZ
300765,新诺威,SZ
000595,宝塔实业,SZ
000528,柳    工,SZ
300477,合纵科技,SZ
300767,震安科技,SZ
002060,广东建工,SZ
300399,天利科技,SZ
300962,中金辐照,SZ
000928,中钢国际,SZ
002624,完美世界,SZ
002121,科陆电子,SZ
002658,雪迪龙,SZ
002508,老板电器,SZ
002925,盈趣科技,SZ
000555,神州信息,SZ
000709,河钢股份,SZ
002051,中工国际,SZ
300017,网宿科技,SZ
002752,昇兴股份,SZ
000507,珠海港,SZ
002026,山东威达,SZ
300105,龙源技术,SZ
000877,天山股份,SZ
301088,戎美股份,SZ
002418,康盛股份,SZ
002997,瑞鹄模具,SZ
000951,中国重汽,SZ
300798,锦鸡股份,SZ
002352,顺丰控股,SZ
300814,中富电路,SZ
002928,华夏航空,SZ
300238,冠昊生物,SZ
002628,成都路桥,SZ
002215,诺 普 信,SZ
000788,北大医药,SZ
002116,中国海诚,SZ
301068,大地海洋,SZ
001266,宏英智能,SZ
002663,普邦股份,SZ
000753,漳州发展,SZ
301291,明阳电气,SZ
002203,海亮股份,SZ
002888,惠威科技,SZ
300451,创业慧康,SZ
300911,亿田智能,SZ
002396,星网锐捷,SZ
002270,华明装备,SZ
300750,宁德时代,SZ
002723,小崧股份,SZ
000607,华媒控股,SZ
000752,ST西发,SZ
002110,三钢闽光,SZ
300755,华致酒行,SZ
300109,新开源,SZ
002487,大金重工,SZ
002096,易普力,SZ
300255,常山药业,SZ
002938,鹏鼎控股,SZ
000004,国华网安,SZ
002501,利源股份,SZ
002364,中恒电气,SZ
300425,中建环能,SZ
000807,云铝股份,SZ
300154,瑞凌股份,SZ
000619,海螺新材,SZ
300468,四方精创,SZ
002168,ST惠程,SZ
300167,*ST迪威,SZ
002400,省广集团,SZ
300617,安靠智电,SZ
000720,新能泰山,SZ
000761,本钢板材,SZ
300113,顺网科技,SZ
301027,华蓝集团,SZ
002187,广百股份,SZ
000809,*ST和展,SZ
000933,神火股份,SZ
001896,豫能控股,SZ
300299,富春股份,SZ
003002,壶化股份,SZ
002272,川润股份,SZ
000698,沈阳化工,SZ
000692,惠天热电,SZ
000898,鞍钢股份,SZ
000717,中南股份,SZ
300711,广哈通信,SZ
000635,英 力 特,SZ
000543,皖能电力,SZ
002058,威尔泰,SZ
000532,华金资本,SZ
001267,汇绿生态,SZ
300491,通合科技,SZ
300876,蒙泰高新,SZ
001367,海森药业,SZ
000659,珠海中富,SZ
301157,华塑科技,SZ
300571,平治信息,SZ
002319,乐通股份,SZ
002607,中公教育,SZ
002576,通达动力,SZ
301390,经纬股份,SZ
000932,华菱钢铁,SZ
002853,皮阿诺,SZ
002256,兆新股份,SZ
300145,中金环境,SZ
300521,爱司凯,SZ
000815,美利云,SZ
000553,安道麦A,SZ
000573,粤宏远Ａ,SZ
000665,湖北广电,SZ
002512,达华智能,SZ
002312,川发龙蟒,SZ
000679,大连友谊,SZ
002639,雪人股份,SZ
000525,ST红太阳,SZ
003037,三和管桩,SZ
300949,奥雅股份,SZ
002227,奥 特 迅,SZ
300280,紫天科技,SZ
000586,汇源通信,SZ
002975,博杰股份,SZ
002583,海能达,SZ
002431,棕榈股份,SZ
300383,光环新网,SZ
301085,亚康股份,SZ
300688,创业黑马,SZ
002667,威领股份,SZ
000425,徐工机械,SZ
002235,安妮股份,SZ
002741,光华科技,SZ
002103,广博股份,SZ
002713,东易日盛,SZ
000530,冰山冷热,SZ
000558,莱茵体育,SZ
002918,蒙娜丽莎,SZ
300561,汇金科技,SZ
002239,奥特佳,SZ
002115,三维通信,SZ
002175,东方智造,SZ
002205,国统股份,SZ
000859,国风新材,SZ
002354,天娱数科,SZ
002339,积成电子,SZ
002181,粤 传 媒,SZ
002789,建艺集团,SZ
002953,日丰股份,SZ
002291,遥望科技,SZ
002836,新宏泽,SZ
000759,中百集团,SZ
688365,光云科技,SH
688691,灿芯股份,SH
688693,锴威特,SH
688018,乐鑫科技,SH
688343,云天励飞-U,SH
688160,步科股份,SH
688665,四方光电,SH
688591,泰凌微,SH
688010,福光股份,SH
688129,东来技术,SH
688003,天准科技,SH
688793,倍轻松,SH
688068,热景生物,SH
688279,峰岹科技,SH
688502,茂莱光学,SH
688380,中微半导,SH
688515,裕太微-U,SH
688227,品高股份,SH
688981,中芯国际,SH
600490,鹏欣资源,SH
600530,交大昂立,SH
600386,北巴传媒,SH
600545,卓郎智能,SH
600789,鲁抗医药,SH
605136,丽人丽妆,SH
600965,福成股份,SH
603648,畅联股份,SH
603421,鼎信通讯,SH
603518,锦泓集团,SH
600577,精达股份,SH
603657,春光科技,SH
603803,瑞斯康达,SH
603057,紫燕食品,SH
600889,南京化纤,SH
603721,中广天择,SH
603306,华懋科技,SH
605258,协和电子,SH
603615,茶花股份,SH
603155,新亚强,SH
603983,丸美生物,SH
605389,长龄液压,SH
603868,飞科电器,SH
603839,安正时尚,SH
603777,来伊份,SH
603215,比依股份,SH
601113,华鼎股份,SH
600228,返利科技,SH
600171,上海贝岭,SH
603893,瑞芯微,SH
603272,联翔股份,SH
600882,妙可蓝多,SH
600336,澳柯玛,SH
600579,克劳斯,SH
600368,五洲交通,SH
688172,燕东微,SH
688362,甬矽电子,SH
688081,兴图新科,SH
688708,佳驰科技,SH
688426,康为世纪,SH
688300,联瑞新材,SH
688115,思林杰,SH
603328,依顿电子,SH
603001,奥康国际,SH
688186,广大特材,SH
688733,壹石通,SH
603809,豪能股份,SH
688031,星环科技-U,SH
603613,国联股份,SH
688377,迪威尔,SH
688049,炬芯科技,SH
688320,禾川科技,SH
688800,瑞可达,SH
688107,安路科技,SH
688130,晶华微,SH
688629,华丰科技,SH
688512,慧智微-U,SH
688361,中科飞测,SH
688143,长盈通,SH
688696,极米科技,SH
688216,气派科技,SH
600513,联环药业,SH
603009,北特科技,SH
688571,杭华股份,SH
688496,清越科技,SH
688371,菲沃泰,SH
688627,精智达,SH
688230,芯导科技,SH
603711,香飘飘,SH
603341,龙旗科技,SH
688360,德马科技,SH
603297,永新光学,SH
600094,大名城,SH
688256,寒武纪-U,SH
603360,百傲化学,SH
605003,众望布艺,SH
600590,泰豪科技,SH
688658,悦康药业,SH
603697,有友食品,SH
688549,中巨芯-U,SH
688651,盛邦安全,SH
688306,均普智能,SH
688165,埃夫特-U,SH
688525,佰维存储,SH
688620,安凯微,SH
600764,中国海防,SH
688383,新益昌,SH
688222,成都先导,SH
688521,芯原股份,SH
688135,利扬芯片,SH
600621,华鑫股份,SH
688721,龙图光罩,SH
688127,蓝特光学,SH
688205,德科立,SH
603686,福龙马,SH
603666,亿嘉和,SH
600771,广誉远,SH
688045,必易微,SH
603701,德宏股份,SH
688448,磁谷科技,SH
688489,三未信安,SH
688220,翱捷科技-U,SH
688262,国芯科技,SH
603617,君禾股份,SH
688372,伟测科技,SH
688584,上海合晶,SH
600877,电科芯片,SH
688030,山石网科,SH
603388,ST元成,SH
601500,通用股份,SH
600608,ST沪科,SH
688486,龙迅股份,SH
688400,凌云光,SH
603007,*ST花王,SH
600070,*ST富润,SH
600365,ST通葡,SH
688501,青达环保,SH
603786,科博达,SH
688419,耐科装备,SH
603559,*ST通脉,SH
603662,柯力传感,SH
600234,*ST科新,SH
603959,ST百利,SH
688566,吉贝尔,SH
603085,天成自控,SH
600381,ST春天,SH
603121,华培动力,SH
603790,雅运股份,SH
688530,欧莱新材,SH
688378,奥来德,SH
603083,剑桥科技,SH
688110,东芯股份,SH
600241,时代万恒,SH
688668,鼎通科技,SH
688662,富信科技,SH
688168,安博通,SH
600421,华嵘控股,SH
603633,徕木股份,SH
603709,中源家居,SH
688071,华依科技,SH
600589,大位科技,SH
603078,江化微,SH
600223,福瑞达,SH
603517,绝味食品,SH
688173,希荻微,SH
600843,上工申贝,SH
688291,金橙子,SH
688181,八亿时空,SH
603931,格林达,SH
603667,五洲新春,SH
688125,安达智能,SH
688019,安集科技,SH
688458,美芯晟,SH
688080,映翰通,SH
600667,太极实业,SH
600520,文一科技,SH
688478,晶升股份,SH
688037,芯源微,SH
688661,和林微纳,SH
688313,仕佳光子,SH
688053,思科瑞,SH
688152,麒麟信安,SH
603516,淳中科技,SH
603717,天域生物,SH
600422,昆药集团,SH
688319,欧林生物,SH
688500,慧辰股份,SH
688195,腾景科技,SH
688219,会通股份,SH
688035,德邦科技,SH
688601,力芯微,SH
688347,华虹公司,SH
603838,四通股份,SH
688558,国盛智科,SH
603037,凯众股份,SH
688689,银河微电,SH
688350,富淼科技,SH
688016,心脉医疗,SH
688207,格灵深瞳,SH
688611,杭州柯林,SH
688079,美迪凯,SH
603859,能科科技,SH
688093,世华科技,SH
600165,*ST宁科,SH
688608,恒玄科技,SH
688259,创耀科技,SH
603843,正平股份,SH
688435,英方软件,SH
688589,力合微,SH
605277,新亚电子,SH
688221,前沿生物-U,SH
600501,航天晨光,SH
688592,司南导航,SH
603800,洪田股份,SH
603089,正裕工业,SH
688325,赛微微电,SH
600973,宝胜股份,SH
600130,波导股份,SH
688539,高华科技,SH
688449,联芸科技,SH
688178,万德斯,SH
601519,大智慧,SH
688292,浩瀚深度,SH
603890,春秋电子,SH
688017,绿的谐波,SH
688233,神工股份,SH
600156,华升股份,SH
688702,盛科通信-U,SH
601515,东峰集团,SH
600319,亚星化学,SH
605178,时空科技,SH
688533,上声电子,SH
688153,唯捷创芯,SH
688261,东微半导,SH
600641,万业企业,SH
688368,晶丰明源,SH
603203,快克智能,SH
688535,华海诚科,SH
600456,宝钛股份,SH
600129,太极集团,SH
688138,清溢光电,SH
688061,灿瑞科技,SH
600529,山东药玻,SH
688249,晶合集成,SH
688716,中研股份,SH
603726,朗迪集团,SH
603728,鸣志电器,SH
688084,晶品特装,SH
603090,宏盛股份,SH
688218,江苏北人,SH
688409,富创精密,SH
688208,道通科技,SH
688020,方邦股份,SH
688596,正帆科技,SH
688267,中触媒,SH
603005,晶方科技,SH
688032,禾迈股份,SH
688078,龙软科技,SH
600227,赤天化,SH
688681,科汇股份,SH
688655,迅捷兴,SH
688613,奥精医疗,SH
603275,众辰科技,SH
605555,德昌股份,SH
688083,中望软件,SH
603119,浙江荣泰,SH
688318,财富趋势,SH
688206,概伦电子,SH
603035,常熟汽饰,SH
688385,复旦微电,SH
688582,芯动联科,SH
688618,三旺通信,SH
603378,亚士创能,SH
688652,京仪装备,SH
603015,弘讯科技,SH
688628,优利德,SH
603016,新宏泰,SH
688507,索辰科技,SH
603261,立航科技,SH
603897,长城科技,SH
688048,长光华芯,SH
688391,钜泉科技,SH
605399,晨光新材,SH
688013,天臣医疗,SH
688167,炬光科技,SH
603607,京华激光,SH
600986,浙文互联,SH
688711,宏微科技,SH
603608,*ST天创,SH
688522,纳睿雷达,SH
603920,世运电路,SH
600895,张江高科,SH
688327,云从科技-UW,SH
688307,中润光学,SH
688228,开普云,SH
688118,普元信息,SH
688102,斯瑞新材,SH
688059,华锐精密,SH
600107,美尔雅,SH
688381,帝奥微,SH
603330,天洋新材,SH
603229,奥翔药业,SH
603214,爱婴室,SH
600736,苏州高新,SH
603380,易德龙,SH
603316,诚邦股份,SH
688595,芯海科技,SH
603949,雪龙集团,SH
603095,越剑智能,SH
600707,彩虹股份,SH
688709,成都华微,SH
600753,庚星股份,SH
688597,煜邦电力,SH
688297,中无人机,SH
688559,海目星,SH
688416,恒烁股份,SH
600515,海南机场,SH
688581,安杰思,SH
688593,新相微,SH
688322,奥比中光-UW,SH
688788,科思科技,SH
600847,万里股份,SH
688355,明志科技,SH
600864,哈投股份,SH
600238,海南椰岛,SH
688543,国科军工,SH
688697,纽威数控,SH
688695,中创股份,SH
688147,微导纳米,SH
605303,园林股份,SH
603010,万盛股份,SH
600804,*ST鹏博,SH
688215,瑞晟智能,SH
600178,东安动力,SH
605318,法狮龙,SH
688252,天德钰,SH
688067,爱威科技,SH
688619,罗普特,SH
688326,经纬恒润-W,SH
603416,信捷电气,SH
600035,楚天高速,SH
688328,深科达,SH
603069,海汽集团,SH
688077,大地熊,SH
603822,嘉澳环保,SH
603922,金鸿顺,SH
600152,维科技术,SH
688401,路维光电,SH
603296,华勤技术,SH
603988,中电电机,SH
600460,士兰微,SH
600716,凤凰股份,SH
603192,汇得科技,SH
603677,奇精机械,SH
603989,艾华集团,SH
605016,百龙创园,SH
600287,ST舜天,SH
688579,山大地纬,SH
688653,康希通信,SH
688508,芯朋微,SH
603172,万丰股份,SH
688352,颀中科技,SH
603877,太平鸟,SH
688631,莱斯信息,SH
600353,旭光电子,SH
600584,长电科技,SH
603021,山东华鹏,SH
688685,迈信林,SH
688210,统联精密,SH
603863,松炀资源,SH
688379,华光新材,SH
688193,仁度生物,SH
600830,香溢融通,SH
603373,安邦护卫,SH
603082,北自科技,SH
603061,金海通,SH
688163,赛伦生物,SH
603578,三星新材,SH
688288,鸿泉物联,SH
603887,城地香江,SH
688376,美埃科技,SH
688484,南芯科技,SH
603719,良品铺子,SH
600734,实达集团,SH
603630,拉芳家化,SH
603825,华扬联众,SH
688060,云涌科技,SH
688197,首药控股-U,SH
603538,美诺华,SH
688610,埃科光电,SH
601133,柏诚股份,SH
688369,致远互联,SH
688432,有研硅,SH
600226,亨通股份,SH
603344,星德胜,SH
600105,永鼎股份,SH
688103,国力股份,SH
688630,芯碁微装,SH
688272,富吉瑞,SH
600151,航天机电,SH
603068,博通集成,SH
603915,国茂股份,SH
605378,野马电池,SH
688132,邦彦技术,SH
601137,博威合金,SH
603978,深圳新星,SH
603059,倍加洁,SH
688171,纬德信息,SH
688659,元琛科技,SH
603982,泉峰汽车,SH
605300,佳禾食品,SH
603755,日辰股份,SH
600187,国中水务,SH
688182,灿勤科技,SH
603108,润达医疗,SH
688253,英诺特,SH
603690,至纯科技,SH
600543,莫高股份,SH
688388,嘉元科技,SH
603903,中持股份,SH
688281,华秦科技,SH
688277,天智航-U,SH
603112,华翔股份,SH
603219,富佳股份,SH
688109,品茗科技,SH
603324,盛剑科技,SH
688287,ST观典,SH
688312,燕麦科技,SH
688265,南模生物,SH
600955,维远股份,SH
605088,冠盛股份,SH
600415,小商品城,SH
688455,科捷智能,SH
688072,拓荆科技,SH
688058,宝兰德,SH
600599,ST熊猫,SH
688028,沃尔德,SH
603236,移远通信,SH
688051,佳华科技,SH
688767,博拓生物,SH
688789,宏华数科,SH
605133,嵘泰股份,SH
688367,工大高科,SH
603063,禾望电气,SH
600222,太龙药业,SH
688008,澜起科技,SH
603036,如通股份,SH
603997,继峰股份,SH
603665,康隆达,SH
688511,天微电子,SH
600816,建元信托,SH
688156,路德环境,SH
688479,友车科技,SH
688316,青云科技-U,SH
603488,展鹏科技,SH
688552,航天南湖,SH
603366,日出东方,SH
600184,光电股份,SH
688038,中科通达,SH
600366,宁波韵升,SH
605183,确成股份,SH
600285,羚锐制药,SH
605033,美邦股份,SH
600992,贵绳股份,SH
688150,莱特光电,SH
603171,税友股份,SH
605588,冠石科技,SH
603629,利通电子,SH
600619,海立股份,SH
688692,达梦数据,SH
688170,德龙激光,SH
603076,乐惠国际,SH
605488,福莱新材,SH
603681,永冠新材,SH
603177,德创环保,SH
688260,昀冢科技,SH
688004,博汇科技,SH
603906,龙蟠科技,SH
600097,开创国际,SH
603738,泰晶科技,SH
600080,金花股份,SH
603650,彤程新材,SH
688296,和达科技,SH
688234,天岳先进,SH
688699,明微电子,SH
603151,邦基科技,SH
601066,中信建投,SH
688200,华峰测控,SH
600613,神奇制药,SH
688311,盟升电子,SH
688529,豪森智能,SH
603808,歌力思,SH
603966,法兰泰克,SH
688121,卓然股份,SH
603159,上海亚虹,SH
603527,众源新材,SH
603500,祥和实业,SH
688510,航亚科技,SH
688395,正弦电气,SH
603880,南卫股份,SH
688353,华盛锂电,SH
605158,华达新材,SH
600189,泉阳泉,SH
603990,麦迪科技,SH
603118,共进股份,SH
688719,爱科赛博,SH
603201,常润股份,SH
603429,集友股份,SH
600612,老凤祥,SH
688021,奥福环保,SH
688616,西力科技,SH
605081,太和水,SH
688403,汇成股份,SH
688203,海正生材,SH
603926,铁流股份,SH
603101,汇嘉时代,SH
600419,天润乳业,SH
688450,光格科技,SH
688199,久日新材,SH
688201,信安世纪,SH
603655,朗博科技,SH
605169,洪通燃气,SH
688710,益诺思,SH
603075,热威股份,SH
603079,圣达生物,SH
688588,凌志软件,SH
688798,艾为电子,SH
688720,艾森股份,SH
603363,*ST傲农,SH
603289,泰瑞机器,SH
603004,鼎龙科技,SH
688585,上纬新材,SH
603389,亚振家居,SH
688123,聚辰股份,SH
600521,华海药业,SH
600834,申通地铁,SH
603080,新疆火炬,SH
603339,四方科技,SH
688728,格科微,SH
601162,天风证券,SH
688679,通源环境,SH
688562,航天软件,SH
688682,霍莱沃,SH
688290,景业智能,SH
603637,镇海股份,SH
600848,上海临港,SH
688209,英集芯,SH
688112,鼎阳科技,SH
603937,丽岛新材,SH
688088,虹软科技,SH
603869,ST智知,SH
600568,ST中珠,SH
688116,天奈科技,SH
603528,多伦科技,SH
603321,梅轮电梯,SH
600272,开开实业,SH
605567,春雪食品,SH
603535,嘉诚国际,SH
688159,有方科技,SH
603696,安记食品,SH
688410,山外山,SH
688268,华特气体,SH
688338,赛科希德,SH
600360,ST华微,SH
603901,永创智能,SH
603081,大丰实业,SH
603963,*ST大药,SH
600765,中航重机,SH
603235,天新药业,SH
603002,宏昌电子,SH
603041,美思德,SH
603683,晶华新材,SH
600315,上海家化,SH
600363,联创光电,SH
603508,思维列控,SH
688667,菱电电控,SH
603125,常青科技,SH
605058,澳弘电子,SH
688039,当虹科技,SH
603286,日盈电子,SH
600862,中航高科,SH
688255,凯尔达,SH
603025,大豪科技,SH
688560,明冠新材,SH
688108,赛诺医疗,SH
603058,永吉股份,SH
688468,科美诊断,SH
603320,迪贝电气,SH
603813,原尚股份,SH
603319,湘油泵,SH
603073,彩蝶实业,SH
688236,春立医疗,SH
603511,爱慕股份,SH
688606,奥泰生物,SH
688191,智洋创新,SH
688602,康鹏科技,SH
688002,睿创微纳,SH
600345,长江通信,SH
688503,聚和材料,SH
603936,博敏电子,SH
603160,汇顶科技,SH
688787,海天瑞声,SH
603886,元祖股份,SH
603223,恒通股份,SH
688330,宏力达,SH
605358,立昂微,SH
688092,爱科科技,SH
603290,斯达半导,SH
603739,蔚蓝生物,SH
688466,金科环境,SH
605255,天普股份,SH
603173,福斯达,SH
600249,两面针,SH
603088,宁波精达,SH
600721,百花医药,SH
688750,金天钛业,SH
600330,天通股份,SH
603237,五芳斋,SH
688248,南网科技,SH
600439,瑞贝卡,SH
688531,日联科技,SH
603609,禾丰股份,SH
603116,红蜻蜓,SH
603933,睿能科技,SH
603788,宁波高发,SH
600312,平高电气,SH
603135,中重科技,SH
688459,哈铁科技,SH
688568,中科星图,SH
603131,上海沪工,SH
688095,福昕软件,SH
603026,石大胜华,SH
688251,井松智能,SH
603980,吉华集团,SH
688011,新光光电,SH
688663,新风光,SH
688678,福立旺,SH
603315,福鞍股份,SH
603283,赛腾股份,SH
603583,捷昌驱动,SH
600075,新疆天业,SH
605319,无锡振华,SH
603256,宏和科技,SH
688041,海光信息,SH
688317,之江生物,SH
603103,横店影视,SH
688718,唯赛勃,SH
688070,纵横股份,SH
603587,地素时尚,SH
603558,健盛集团,SH
688323,瑞华泰,SH
603130,云中马,SH
688683,莱尔科技,SH
688657,浩辰软件,SH
688273,麦澜德,SH
688247,宣泰医药,SH
603759,海天股份,SH
600831,ST广网,SH
688456,有研粉材,SH
688244,永信至诚,SH
603918,金桥信息,SH
605189,富春染织,SH
600206,有研新材,SH
688120,华海清科,SH
600379,宝光股份,SH
688557,兰剑智能,SH
688302,海创药业-U,SH
603181,皇马科技,SH
600668,尖峰集团,SH
600580,卧龙电驱,SH
605186,健麾信息,SH
600235,民丰特纸,SH
603375,盛景微,SH
688726,拉普拉斯,SH
688270,臻镭科技,SH
600708,光明地产,SH
688420,美腾科技,SH
600060,海信视像,SH
603326,我乐家居,SH
603132,金徽股份,SH
603150,万朗磁塑,SH
605296,神农集团,SH
603767,中马传动,SH
600770,综艺股份,SH
688148,芳源股份,SH
688698,伟创电气,SH
688528,秦川物联,SH
605068,明新旭腾,SH
600600,青岛啤酒,SH
605089,味知香,SH
688498,源杰科技,SH
688701,卓锦股份,SH
688231,隆达股份,SH
688056,莱伯泰科,SH
605100,华丰股份,SH
603178,圣龙股份,SH
600423,柳化股份,SH
605339,南侨食品,SH
603439,贵州三力,SH
688519,南亚新材,SH
688113,联测科技,SH
605179,一鸣食品,SH
603520,司太立,SH
600615,丰华股份,SH
600114,东睦股份,SH
600654,中安科,SH
600703,三安光电,SH
688085,三友医疗,SH
603161,科华控股,SH
688057,金达莱,SH
603787,新日股份,SH
688386,泛亚微透,SH
688786,悦安新材,SH
688393,安必平,SH
603998,方盛制药,SH
603182,嘉华股份,SH
688356,键凯科技,SH
600518,康美药业,SH
601002,晋亿实业,SH
605138,盛泰集团,SH
601000,唐山港,SH
688237,超卓航科,SH
603107,上海汽配,SH
600588,用友网络,SH
688098,申联生物,SH
688357,XD建龙微,SH
603390,通达电气,SH
688314,康拓医疗,SH
600650,锦江在线,SH
600671,ST目药,SH
600609,金杯汽车,SH
688551,科威尔,SH
688573,信宇人,SH
600375,*ST汉马,SH
688536,思瑞浦,SH
603045,福达合金,SH
603663,三祥新材,SH
600149,廊坊发展,SH
605388,均瑶健康,SH
603233,大参林,SH
603266,天龙股份,SH
600085,同仁堂,SH
603032,德新科技,SH
688345,博力威,SH
688570,天玛智控,SH
603111,康尼机电,SH
600993,马应龙,SH
603309,维力医疗,SH
603137,恒尚节能,SH
603881,数据港,SH
688329,艾隆科技,SH
603729,龙韵股份,SH
605055,迎丰股份,SH
600061,国投资本,SH
603515,欧普照明,SH
688238,和元生物,SH
603823,百合花,SH
603109,神驰机电,SH
688553,汇宇制药-W,SH
688523,航天环宇,SH
603043,广州酒家,SH
603117,万林物流,SH
600729,重庆百货,SH
688443,智翔金泰-U,SH
603703,盛洋科技,SH
688128,中国电研,SH
688737,中自科技,SH
603311,金海高科,SH
603810,丰山集团,SH
688101,三达膜,SH
688646,逸飞激光,SH
603579,荣泰健康,SH
603310,巍华新材,SH
601033,永兴股份,SH
605118,力鼎光电,SH
601231,环旭电子,SH
600774,汉商集团,SH
688001,华兴源创,SH
688636,智明达,SH
600835,上海机电,SH
603798,康普顿,SH
600829,人民同泰,SH
603270,金帝股份,SH
605500,森林包装,SH
600539,狮头股份,SH
688047,龙芯中科,SH
600777,ST新潮,SH
600722,金牛化工,SH
601956,东贝集团,SH
600303,ST曙光,SH
688638,誉辰智能,SH
603096,新经典,SH
688066,航天宏图,SH
600367,红星发展,SH
688308,欧科亿,SH
603317,天味食品,SH
603586,金麒麟,SH
600316,洪都航空,SH
600095,湘财股份,SH
605589,圣泉集团,SH
688198,佰仁医疗,SH
688621,阳光诺和,SH
600243,青海华鼎,SH
603273,天元智能,SH
603496,恒为科技,SH
603066,音飞储存,SH
603956,威派格,SH
688055,龙腾光电,SH
600727,鲁北化工,SH
600071,凤凰光学,SH
601099,太平洋,SH
603928,兴业股份,SH
603052,可川科技,SH
603712,七一二,SH
600408,安泰集团,SH
688025,杰普特,SH
600257,大湖股份,SH
605177,东亚药业,SH
600728,佳都科技,SH
688184,帕瓦股份,SH
600561,江西长运,SH
688137,近岸蛋白,SH
603285,键邦股份,SH
600479,千金药业,SH
688073,毕得医药,SH
600879,航天电子,SH
688569,铁科轨道,SH
603991,至正股份,SH
600351,亚宝药业,SH
688480,赛恩斯,SH
600331,宏达股份,SH
603829,洛凯股份,SH
603660,苏州科达,SH
601616,广电电气,SH
688392,骄成超声,SH
600302,标准股份,SH
601566,九牧王,SH
603166,福达股份,SH
603929,亚翔集成,SH
600573,惠泉啤酒,SH
605122,四方新材,SH
603602,纵横通信,SH
601208,东材科技,SH
688096,京源环保,SH
688433,华曙高科,SH
600265,景谷林业,SH
605080,浙江自然,SH
603392,万泰生物,SH
688189,南新制药,SH
603626,科森科技,SH
603006,联明股份,SH
603196,日播时尚,SH
600996,贵广网络,SH
688505,复旦张江,SH
603950,长源东谷,SH
688351,微电生理-U,SH
600594,益佰制药,SH
605333,沪光股份,SH
688516,奥特维,SH
603105,芯能科技,SH
600493,凤竹纺织,SH
603700,宁水集团,SH
600876,凯盛新能,SH
600523,贵航股份,SH
601606,长城军工,SH
603187,海容冷链,SH
688686,奥普特,SH
688396,华润微,SH
688280,精进电动-UW,SH
600119,长江投资,SH
601727,上海电气,SH
688069,德林海,SH
600825,新华传媒,SH
603345,安井食品,SH
688155,先惠技术,SH
688671,碧兴物联,SH
601179,中国西电,SH
688082,盛美上海,SH
603939,益丰药房,SH
603725,天安新材,SH
600190,ST锦港,SH
688285,高铁电气,SH
600167,联美控股,SH
688485,九州一轨,SH
603976,正川股份,SH
688026,洁特生物,SH
603359,东珠生态,SH
603258,电魂网络,SH
688517,金冠电气,SH
600486,扬农化工,SH
603385,惠达卫浴,SH
603318,水发燃气,SH
605006,山东玻纤,SH
603348,文灿股份,SH
605090,九丰能源,SH
605398,新炬网络,SH
600182,S佳通,SH
603331,百达精工,SH
600338,西藏珠峰,SH
603379,三美股份,SH
688015,交控科技,SH
603811,诚意药业,SH
605566,福莱蒽特,SH
603569,长久物流,SH
603022,新通联,SH
603948,建业股份,SH
600488,津药药业,SH
603255,鼎际得,SH
600750,江中药业,SH
603883,老百姓,SH
603819,神力股份,SH
688106,金宏气体,SH
688100,威胜信息,SH
600333,长春燃气,SH
600673,东阳光,SH
605499,东鹏饮料,SH
600535,天士力,SH
605077,华康股份,SH
600318,新力金融,SH
603013,亚普股份,SH
600382,广东明珠,SH
603888,新华网,SH
688370,丛麟科技,SH
605168,三人行,SH
688509,正元地信,SH
600033,XD福建高,SH
603871,嘉友国际,SH
688295,中复神鹰,SH
600329,达仁堂,SH
605028,世茂能源,SH
600960,渤海汽车,SH
603912,佳力图,SH
601011,宝泰隆,SH
603028,赛福天,SH
600839,四川长虹,SH
688183,生益电子,SH
603685,晨丰科技,SH
603115,海星股份,SH
603605,珀莱雅,SH
603899,晨光股份,SH
600833,第一医药,SH
603960,克来机电,SH
601360,三六零,SH
600232,金鹰股份,SH
688213,思特威-W,SH
603312,西典新能,SH
600012,皖通高速,SH
600918,中泰证券,SH
600038,中直股份,SH
688615,合合信息,SH
688766,普冉股份,SH
601121,宝地矿业,SH
603381,永臻股份,SH
603188,亚邦股份,SH
688382,益方生物-U,SH
603300,海南华铁,SH
688012,中微公司,SH
603828,ST柯利达,SH
688310,迈得医疗,SH
600425,青松建化,SH
688408,中信博,SH
603067,振华股份,SH
603659,璞泰来,SH
600288,大恒科技,SH
601995,中金公司,SH
603221,爱丽家居,SH
600099,林海股份,SH
688309,恒誉环保,SH
603211,晋拓股份,SH
688202,美迪西,SH
600697,欧亚集团,SH
603383,顶点软件,SH
600735,新华锦,SH
603955,大千生态,SH
603398,沐邦高科,SH
603369,今世缘,SH
600623,华谊集团,SH
603158,腾龙股份,SH
600884,杉杉股份,SH
603529,爱玛科技,SH
688176,亚虹医药-U,SH
605116,奥锐特,SH
605286,同力日升,SH
601108,财通证券,SH
688439,振华风光,SH
603186,华正新材,SH
600435,北方导航,SH
600885,宏发股份,SH
601020,华钰矿业,SH
603938,三孚股份,SH
688211,中科微至,SH
688286,敏芯股份,SH
600246,万通发展,SH
600020,中原高速,SH
600476,湘邮科技,SH
600192,长城电工,SH
600640,国脉文化,SH
603658,安图生物,SH
603291,联合水务,SH
601609,金田股份,SH
603197,保隆科技,SH
603207,小方制药,SH
603986,兆易创新,SH
688232,新点软件,SH
603070,万控智造,SH
688598,金博股份,SH
600391,航发科技,SH
603507,振江股份,SH
688131,皓元医药,SH
688090,瑞松科技,SH
603305,旭升集团,SH
688373,盟科药业-U,SH
600549,厦门钨业,SH
600760,中航沈飞,SH
601339,百隆东方,SH
600976,健民集团,SH
603212,赛伍技术,SH
600113,浙江东日,SH
688526,科前生物,SH
600509,天富能源,SH
601118,海南橡胶,SH
600300,维维股份,SH
603209,兴通股份,SH
600756,浪潮软件,SH
688622,禾信仪器,SH
688141,杰华特,SH
603698,航天工程,SH
601696,中银证券,SH
605268,王力安防,SH
603027,千禾味业,SH
603039,泛微网络,SH
688580,伟思医疗,SH
600433,冠豪高新,SH
600867,通化东宝,SH
600511,国药股份,SH
688257,新锐股份,SH
603128,华贸物流,SH
688161,威高骨科,SH
600030,XD中信证,SH
603280,南方路机,SH
603336,宏辉果蔬,SH
600651,飞乐音响,SH
603688,石英股份,SH
688007,光峰科技,SH
603680,今创集团,SH
600078,澄星股份,SH
603163,圣晖集成,SH
688607,康众医疗,SH
600854,春兰股份,SH
600230,沧州大化,SH
688389,普门科技,SH
605166,聚合顺,SH
688033,天宜上佳,SH
600199,金种子酒,SH
603226,菲林格尔,SH
688146,中船特气,SH
605376,博迁新材,SH
603969,银龙股份,SH
603138,海量数据,SH
600533,栖霞建设,SH
603040,新坐标,SH
600611,大众交通,SH
688590,新致软件,SH
688269,凯立新材,SH
603102,百合股份,SH
605060,联德股份,SH
600990,四创电子,SH
605155,西大门,SH
688336,三生国健,SH
605337,李子园,SH
600255,鑫科材料,SH
605365,立达信,SH
600305,恒顺醋业,SH
601388,怡球资源,SH
600745,闻泰科技,SH
605018,长华集团,SH
603501,韦尔股份,SH
603977,国泰集团,SH
603156,养元饮品,SH
603499,翔港科技,SH
603773,沃格光电,SH
601021,春秋航空,SH
688305,科德数控,SH
600160,巨化股份,SH
603799,华友钴业,SH
603000,人民网,SH
603228,景旺电子,SH
603206,嘉环科技,SH
688022,瀚川智能,SH
600066,宇通客车,SH
688276,百克生物,SH
600216,浙江医药,SH
688600,皖仪科技,SH
603817,海峡环保,SH
600301,华锡有色,SH
600746,江苏索普,SH
605009,豪悦护理,SH
603477,巨星农牧,SH
600084,中信尼雅,SH
603365,水星家纺,SH
605008,长鸿高科,SH
603612,索通发展,SH
600372,中航机载,SH
605259,绿田机械,SH
603706,东方环宇,SH
603676,卫信康,SH
603086,先达股份,SH
600340,华夏幸福,SH
605151,西上海,SH
600919,江苏银行,SH
603687,大胜达,SH
600754,锦江酒店,SH
688023,安恒信息,SH
603030,全筑股份,SH
688499,利元亨,SH
688289,圣湘生物,SH
600387,*ST海越,SH
688660,电气风电,SH
600850,电科数字,SH
688301,奕瑞科技,SH
600633,浙数文化,SH
688363,华熙生物,SH
600055,万东医疗,SH
600480,凌云股份,SH
688586,江航装备,SH
601398,工商银行,SH
601198,东兴证券,SH
600730,中国高科,SH
688633,星球石墨,SH
603091,众鑫股份,SH
688226,威腾电气,SH
603020,爱普股份,SH
605287,德才股份,SH
688283,坤恒顺维,SH
605069,正和生态,SH
688151,华强科技,SH
603970,中农立华,SH
600537,亿晶光电,SH
600177,雅戈尔,SH
688334,西高院,SH
605305,中际联合,SH
600332,白云山,SH
600261,阳光照明,SH
600185,格力地产,SH
603758,秦安股份,SH
603757,大元泵业,SH
688680,海优新材,SH
600458,时代新材,SH
600927,永安期货,SH
600552,凯盛科技,SH
600618,氯碱化工,SH
601988,中国银行,SH
688488,艾迪药业,SH
600148,长春一东,SH
688398,赛特新材,SH
688258,卓易信息,SH
600073,光明肉业,SH
603198,迎驾贡酒,SH
603889,新澳股份,SH
603601,再升科技,SH
603393,新天然气,SH
603879,ST永悦,SH
603408,建霖家居,SH
688776,国光电气,SH
600794,保税科技,SH
603356,华菱精工,SH
600132,XD重庆啤,SH
600281,华阳新材,SH
603087,甘李药业,SH
688623,双元科技,SH
600000,浦发银行,SH
603987,康德莱,SH
600137,浪莎股份,SH
603856,东宏股份,SH
600705,中航产融,SH
601136,首创证券,SH
688239,航宇科技,SH
600155,华创云信,SH
603322,超讯通信,SH
605369,拱东医疗,SH
603282,亚光股份,SH
601698,中国卫通,SH
600133,东湖高新,SH
688089,嘉必优,SH
600748,上实发展,SH
605066,天正电气,SH
603908,牧高笛,SH
688605,先锋精科,SH
600358,国旅联合,SH
600491,龙元建设,SH
603033,三维股份,SH
600592,龙溪股份,SH
603269,海鸥股份,SH
688212,澳华内镜,SH
600962,国投中鲁,SH
603183,建研院,SH
688005,容百科技,SH
603616,韩建河山,SH
603191,望变电气,SH
603399,永杉锂业,SH
601377,兴业证券,SH
603231,索宝蛋白,SH
603278,大业股份,SH
600172,黄河旋风,SH
603185,弘元绿能,SH
603353,和顺石油,SH
601901,方正证券,SH
603867,新化股份,SH
601882,海天精工,SH
601059,信达证券,SH
603585,苏利股份,SH
688669,聚石化学,SH
603395,红四方,SH
688293,奥浦迈,SH
600337,美克家居,SH
601089,福元医药,SH
601811,新华文轩,SH
600859,王府井,SH
603377,ST东时,SH
603628,清源股份,SH
600866,星湖科技,SH
603909,建发合诚,SH
605338,巴比食品,SH
600742,一汽富维,SH
600743,华远地产,SH
603350,安乃达,SH
688105,XD诺唯赞,SH
688187,时代电气,SH
600557,康缘药业,SH
600079,人福医药,SH
605298,必得科技,SH
600869,远东股份,SH
688006,杭可科技,SH
688298,东方生物,SH
603051,鹿山新材,SH
600674,川投能源,SH
600903,贵州燃气,SH
600682,南京新百,SH
688772,珠海冠宇,SH
688029,南微医学,SH
600369,西南证券,SH
603303,得邦照明,SH
603071,物产环能,SH
688472,阿特斯,SH
601368,绿城水务,SH
688139,海尔生物,SH
600906,财达证券,SH
601900,南方传媒,SH
603281,江瀚新材,SH
603190,亚通精工,SH
600197,伊力特,SH
600719,大连热电,SH
688063,派能科技,SH
688768,容知日新,SH
688266,泽璟制药-U,SH
600713,南京医药,SH
603396,金辰股份,SH
603836,海程邦达,SH
600352,浙江龙盛,SH
603519,立霸股份,SH
688185,康希诺,SH
688282,*ST导航,SH
603391,力聚热能,SH
600269,赣粤高速,SH
601336,新华保险,SH
600463,空港股份,SH
603566,普莱柯,SH
600759,洲际油气,SH
600841,动力新科,SH
688469,芯联集成-U,SH
603618,杭电股份,SH
600267,海正药业,SH
688779,五矿新能,SH
603335,迪生力,SH
600371,万向德农,SH
600666,奥瑞德,SH
601778,晶科科技,SH
600597,光明乳业,SH
603276,恒兴新材,SH
600239,云南城投,SH
601028,玉龙股份,SH
600448,华纺股份,SH
688707,振华新材,SH
600211,西藏药业,SH
600909,华安证券,SH
603506,南都物业,SH
601878,浙商证券,SH
603458,勘设股份,SH
603661,恒林股份,SH
603110,东方材料,SH
600461,洪城环境,SH
688358,祥生医疗,SH
605005,合兴股份,SH
603327,福蓉科技,SH
603858,步长制药,SH
603707,健友股份,SH
688246,嘉和美康,SH
600161,天坛生物,SH
603866,桃李面包,SH
603239,浙江仙通,SH
603267,鸿远电子,SH
600888,新疆众和,SH
688625,呈和科技,SH
600135,乐凯胶片,SH
603368,柳药集团,SH
600576,祥源文旅,SH
600416,湘电股份,SH
603718,海利生物,SH
603733,仙鹤股份,SH
601116,三江购物,SH
603011,合锻智能,SH
600380,健康元,SH
605128,上海沿浦,SH
603656,泰禾智能,SH
603595,东尼电子,SH
600251,冠农股份,SH
603355,莱克电气,SH
600262,北方股份,SH
603927,中科软,SH
603139,康惠制药,SH
688179,阿拉丁,SH
600356,恒丰纸业,SH
603919,金徽酒,SH
603307,扬州金泉,SH
605507,国邦医药,SH
600361,创新新材,SH
688119,中钢洛耐,SH
601236,红塔证券,SH
600793,宜宾纸业,SH
600570,恒生电子,SH
603797,联泰环保,SH
600683,京投发展,SH
601127,赛力斯,SH
601177,杭齿前进,SH
600587,新华医疗,SH
601100,恒立液压,SH
600446,金证股份,SH
603279,景津装备,SH
603189,网达软件,SH
688315,诺禾致源,SH
601065,江盐集团,SH
600109,国金证券,SH
600779,水井坊,SH
603123,翠微股份,SH
688157,松井股份,SH
688520,神州细胞-U,SH
603876,鼎胜新材,SH
688027,国盾量子,SH
600183,生益科技,SH
605050,福然德,SH
600202,哈空调,SH
600266,城建发展,SH
603967,中创物流,SH
601881,中国银河,SH
605580,恒盛能源,SH
688348,昱能科技,SH
600605,汇通能源,SH
600980,北矿科技,SH
688717,XD艾罗能,SH
603588,高能环境,SH
688390,固德威,SH
600452,涪陵电力,SH
688359,三孚新科,SH
600299,安迪苏,SH
603551,奥普科技,SH
601686,友发集团,SH
605599,菜百股份,SH
603636,南威软件,SH
603055,台华新材,SH
600056,中国医药,SH
603708,家家悦,SH
600481,双良节能,SH
688518,联赢激光,SH
603136,天目湖,SH
603093,南华期货,SH
688609,九联科技,SH
600796,钱江生化,SH
600894,广日股份,SH
600191,华资实业,SH
603195,公牛集团,SH
688576,西山科技,SH
603589,口子窖,SH
600062,华润双鹤,SH
603489,八方股份,SH
600783,鲁信创投,SH
600268,国电南自,SH
600009,上海机场,SH
603056,德邦股份,SH
600702,舍得酒业,SH
605001,威奥股份,SH
603168,莎普爱思,SH
605208,永茂泰,SH
601328,交通银行,SH
600039,四川路桥,SH
600215,派斯林,SH
605188,国光连锁,SH
603806,福斯特,SH
600893,航发动力,SH
600699,均胜电子,SH
601555,东吴证券,SH
600967,内蒙一机,SH
603387,基蛋生物,SH
601369,陕鼓动力,SH
603689,皖天然气,SH
603298,杭叉集团,SH
603106,恒银科技,SH
601990,南京证券,SH
688097,博众精工,SH
603162,海通发展,SH
688335,复洁环保,SH
688075,安旭生物,SH
600200,江苏吴中,SH
601952,苏垦农发,SH
603678,火炬电子,SH
600559,老白干酒,SH
600645,中源协和,SH
688567,孚能科技,SH
603062,麦加芯彩,SH
603260,合盛硅业,SH
603727,博迈科,SH
601069,西部黄金,SH
600855,航天长峰,SH
688739,成大生物,SH
600377,宁沪高速,SH
603776,永安行,SH
600389,江山股份,SH
688366,昊海生科,SH
600444,国机通用,SH
688778,厦钨新能,SH
603170,宝立食品,SH
603486,科沃斯,SH
603029,天鹅股份,SH
601965,中国汽研,SH
600803,新奥股份,SH
603050,科林电气,SH
688192,迪哲医药-U,SH
603351,威尔药业,SH
600536,中国软件,SH
605266,健之佳,SH
688700,东威科技,SH
688117,圣诺生物,SH
688676,金盘科技,SH
688099,晶晨股份,SH
688799,华纳药厂,SH
688777,中控技术,SH
688603,天承科技,SH
688758,赛分科技,SH
688565,力源科技,SH
688561,奇安信-U,SH
688555,退市泽达,SH
688375,国博电子,SH
688136,科兴制药,SH
688122,西部超导,SH
688086,退市紫晶,SH
605162,新中港,SH
605056,咸亨国际,SH
605007,五洲特纸,SH
603996,退市中新,SH
603958,哈森股份,SH
603916,苏博特,SH
603779,威龙股份,SH
603603,退市博天,SH
603555,ST贵人,SH
603466,风语筑,SH
603332,苏州龙杰,SH
603194,中力股份,SH
603176,汇通集团,SH
603165,荣晟环保,SH
603157,退市拉夏,SH
603133,退市碳元,SH
603072,天和磁材,SH
603065,宿迁联盛,SH
603023,*ST威帝,SH
603018,华设集团,SH
603017,XD中衡设,SH
603012,创力集团,SH
601939,建设银行,SH
601636,旗滨集团,SH
601558,退市锐电,SH
601518,吉林高速,SH
601512,中新集团,SH
601299,中国北车,SH
601288,农业银行,SH
601268,*ST二重,SH
601258,*ST庞大,SH
601211,国泰君安,SH
601008,连云港,SH
600991,广汽长丰,SH
600978,*ST宜生,SH
600926,杭州银行,SH
600917,重庆燃气,SH
600899,*ST信联,SH
600896,退市海医,SH
600891,退市秋林,SH
600890,退市中房,SH
600878,*ST北科,SH
600872,中炬高新,SH
600870,退市厦华,SH
600868,梅雁吉祥,SH
600856,退市中天,SH
600852,*ST中川,SH
600849,上药转换,SH
600846,同济科技,SH
600842,中西药业,SH
600840,新湖创业,SH
600836,*ST易连,SH
600832,东方明珠,SH
600823,*ST世茂,SH
600813,ST鞍一工,SH
600807,济高发展,SH
600806,退市昆机,SH
600800,渤海化学,SH
600799,*ST龙科,SH
600791,京能置业,SH
600788,*ST达曼,SH
600786,东方锅炉,SH
600781,退市辅仁,SH
600772,S*ST龙昌,SH
600767,退市运盛,SH
600766,退市园城,SH
600762,S*ST金荔,SH
600757,长江传媒,SH
600752,*ST哈慈,SH
600751,海航科技,SH
600747,退市大控,SH
600725,云维股份,SH
600723,首商股份,SH
600718,东软集团,SH
600711,ST盛屯,SH
600710,苏美达,SH
600709,ST生态,SH
600701,退市工新,SH
600700,*ST数码,SH
600695,退市绿庭,SH
600687,退市刚泰,SH
600681,百川能源,SH
600680,*ST上普,SH
600677,*ST航通,SH
600672,*ST华圣,SH
600670,*ST斯达,SH
600669,*ST鞍成,SH
600659,*ST花雕,SH
600656,退市博元,SH
600653,申华控股,SH
600652,退市游久,SH
600647,退市同达,SH
600646,ST国嘉,SH
600635,大众公用,SH
600634,退市富控,SH
600632,华联商厦,SH
600631,百联股份,SH
600627,上电股份,SH
600625,PT水仙,SH
600624,复旦复华,SH
600616,金枫酒业,SH
600614,退市鹏起,SH
600607,上实医药,SH
600598,北大荒,SH
600591,*ST上航,SH
600575,淮河能源,SH
600572,康恩贝,SH
600565,ST迪马,SH
600555,退市海创,SH
600553,太行水泥,SH
600540,新赛股份,SH
600532,退市未来,SH
600527,江南高纤,SH
600512,腾达建设,SH
600495,晋西车轴,SH
600485,*ST信威,SH
600472,包头铝业,SH
600470,六国化工,SH
600469,风神股份,SH
600468,百利电气,SH
600467,好当家,SH
600466,*ST蓝光,SH
600432,退市吉恩,SH
600409,三友化工,SH
600401,退市海润,SH
600393,ST粤泰,SH
600392,盛和资源,SH
600385,退市金泰,SH
600376,首开股份,SH
600373,中文传媒,SH
600370,三房巷,SH
600357,承德钒钛,SH
600322,津投城开,SH
600321,正源股份,SH
600317,营口港,SH
600311,*ST荣华,SH
600306,退市商城,SH
600297,广汇汽车,SH
600296,S兰铝,SH
600291,退市西水,SH
600290,*ST华仪,SH
600289,*ST信通,SH
600286,S*ST国瓷,SH
600277,ST亿利,SH
600275,退市昌鱼,SH
600270,外运发展,SH
600263,路桥建设,SH
600260,*ST凯乐,SH
600253,天方药业,SH
600247,*ST成城,SH
600242,退市中昌,SH
600240,退市华业,SH
600221,海航控股,SH
600220,ST阳光,SH
600213,*ST亚星,SH
600209,退市罗顿,SH
600205,S山东铝,SH
600186,莲花控股,SH
600181,S*ST云大,SH
600180,瑞茂通,SH
600175,退市美都,SH
600173,卧龙地产,SH
600146,退市环球,SH
600145,退市新亿,SH
600139,*ST西源,SH
600122,*ST宏图,SH
600112,*ST天成,SH
600110,诺德股份,SH
600102,莱钢股份,SH
600093,退市易见,SH
600092,S*ST精密,SH
600091,退市明科,SH
600090,退市济堂,SH
600087,退市长油,SH
600086,退市金钰,SH
600077,*ST宋都,SH
600076,康欣新材,SH
600074,退市保千,SH
600069,退市银鸽,SH
600068,葛洲坝,SH
600067,冠城新材,SH
600065,*ST联谊,SH
600016,民生银行,SH
600005,武钢股份,SH
600003,ST东北高,SH
600002,齐鲁石化,SH
600001,邯郸钢铁,SH
601799,星宇股份,SH
605011,杭州热电,SH
603180,金牌家居,SH
603100,川仪股份,SH
603580,艾艾精工,SH
688429,时创能源,SH
605288,凯迪股份,SH
600988,赤峰黄金,SH
601163,三角轮胎,SH
688670,金迪克,SH
603768,常青股份,SH
603097,江苏华辰,SH
603216,梦天家居,SH
600773,西藏城投,SH
603301,振德医疗,SH
600639,浦东金桥,SH
603225,新凤鸣,SH
600636,国新文化,SH
600350,山东高速,SH
601083,锦江航运,SH
605123,派克新材,SH
601166,兴业银行,SH
688337,普源精电,SH
600053,九鼎投资,SH
603713,密尔克卫,SH
601007,金陵饭店,SH
600678,四川金顶,SH
600195,中牧股份,SH
600201,生物股份,SH
600051,宁波联合,SH
600818,中路股份,SH
603179,新泉股份,SH
688387,信科移动-U,SH
603801,志邦家居,SH
603325,博隆技术,SH
600999,招商证券,SH
601788,光大证券,SH
601579,会稽山,SH
600259,广晟有色,SH
600929,雪天盐业,SH
601199,江南水务,SH
600827,百联股份,SH
603638,艾迪精密,SH
601658,邮储银行,SH
600998,九州通,SH
600925,苏能股份,SH
688418,震有科技,SH
688177,百奥泰,SH
688126,沪硅产业,SH
600510,黑牡丹,SH
603693,江苏新能,SH
600271,航天信息,SH
600538,国发股份,SH
600658,电子城,SH
600118,中国卫星,SH
600900,长江电力,SH
688626,翔宇医疗,SH
600763,通策医疗,SH
603193,润本股份,SH
601238,广汽集团,SH
688087,英科再生,SH
603367,辰欣药业,SH
600459,贵研铂业,SH
603259,药明康德,SH
688046,药康生物,SH
688235,百济神州-U,SH
688399,硕世生物,SH
601375,中原证券,SH
601568,北元集团,SH
600558,大西洋,SH
603217,元利科技,SH
605299,舒华体育,SH
603639,海利尔,SH
603568,伟明环保,SH
688062,迈威生物-U,SH
601279,英利汽车,SH
603338,浙江鼎力,SH
601200,上海环境,SH
601890,亚星锚链,SH
600648,外高桥,SH
603122,合富中国,SH
600218,全柴动力,SH
601061,中信金属,SH
600436,片仔癀,SH
603205,健尔康,SH
600837,海通证券,SH
605289,罗曼股份,SH
605368,蓝天燃气,SH
600622,光大嘉宝,SH
603611,诺力股份,SH
600308,华泰股份,SH
600449,宁夏建材,SH
600505,西昌电力,SH
603042,华脉科技,SH
600928,西安银行,SH
600792,云煤能源,SH
603220,中贝通信,SH
601828,美凯龙,SH
601058,赛轮轮胎,SH
600787,中储股份,SH
603127,昭衍新药,SH
600036,招商银行,SH
603968,醋化股份,SH
600236,桂冠电力,SH
603900,莱绅通灵,SH
688225,亚信安全,SH
600398,海澜之家,SH
600004,白云机场,SH
600975,新五丰,SH
605222,起帆电缆,SH
601226,华电科工,SH
688513,苑东生物,SH
600548,深高速,SH
688133,泰坦科技,SH
600503,华丽家族,SH
600208,衢州发展,SH
600106,重庆路桥,SH
600731,湖南海利,SH
600933,爱柯迪,SH
600897,厦门空港,SH
600675,中华企业,SH
600420,国药现代,SH
600519,XD贵州茅,SH
601916,浙商银行,SH
688550,瑞联新材,SH
600732,爱旭股份,SH
600749,西藏旅游,SH
600596,新安股份,SH
600143,金发科技,SH
601077,渝农商行,SH
603590,康辰药业,SH
600400,红豆股份,SH
605196,华通线缆,SH
601528,瑞丰银行,SH
601022,宁波远洋,SH
603386,骏亚科技,SH
603577,汇金通,SH
688575,亚辉龙,SH
603299,苏盐井神,SH
600397,安源煤业,SH
600812,华北制药,SH
688690,纳微科技,SH
600273,嘉化能源,SH
600958,东方证券,SH
600809,山西汾酒,SH
601665,齐鲁银行,SH
601009,南京银行,SH
600015,华夏银行,SH
601688,华泰证券,SH
600032,浙江新能,SH
603218,日月股份,SH
600963,岳阳林纸,SH
600346,恒力石化,SH
688538,和辉光电-U,SH
603222,济民健康,SH
603898,好莱客,SH
600117,西宁特钢,SH
601128,常熟银行,SH
601996,丰林集团,SH
603456,九洲药业,SH
601777,力帆科技,SH
600116,三峡水利,SH
603816,顾家家居,SH
603038,华立股份,SH
600526,菲达环保,SH
600455,博通股份,SH
688556,高测股份,SH
603200,上海洗霸,SH
601798,蓝科高新,SH
600987,航民股份,SH
603730,岱美股份,SH
600657,信达地产,SH
600390,五矿资本,SH
600210,紫江企业,SH
601006,大秦铁路,SH
600359,新农开发,SH
600059,古越龙山,SH
603826,坤彩科技,SH
600905,三峡能源,SH
603308,应流股份,SH
603737,三棵树,SH
603077,和邦生物,SH
603848,好太太,SH
603699,纽威股份,SH
601689,拓普集团,SH
600136,ST明诚,SH
601877,正泰电器,SH
605098,行动教育,SH
605336,帅丰电器,SH
688158,优刻得-W,SH
601677,明泰铝业,SH
600325,华发股份,SH
600874,创业环保,SH
600196,复星医药,SH
600664,哈药股份,SH
600780,通宝能源,SH
600010,包钢股份,SH
601318,中国平安,SH
603619,中曼石油,SH
688722,同益中,SH
600405,动力源,SH
600643,爱建集团,SH
600822,上海物贸,SH
600865,百大集团,SH
601966,玲珑轮胎,SH
600048,保利发展,SH
603357,设计总院,SH
601818,光大银行,SH
603277,银都股份,SH
600475,华光环能,SH
600883,博闻科技,SH
600101,明星电力,SH
600642,申能股份,SH
601669,中国电建,SH
688188,柏楚电子,SH
605108,同庆楼,SH
601728,中国电信,SH
600127,金健米业,SH
601228,广州港,SH
600969,郴电国际,SH
601968,宝钢包装,SH
601139,深圳燃气,SH
600887,伊利股份,SH
600704,物产中大,SH
600938,中国海油,SH
601702,华峰铝业,SH
601827,三峰环境,SH
601880,辽港股份,SH
601311,骆驼股份,SH
603288,海天味业,SH
600531,豫光金铅,SH
600395,盘江股份,SH
603003,*ST龙宇,SH
688321,微芯生物,SH
601158,重庆水务,SH
688577,浙海德曼,SH
600637,东方明珠,SH
600326,西藏天路,SH
600851,海欣股份,SH
600328,中盐化工,SH
601838,成都银行,SH
688475,萤石网络,SH
600343,航天动力,SH
600276,恒瑞医药,SH
600845,宝信软件,SH
600025,华能水电,SH
600229,城市传媒,SH
600163,中闽能源,SH
600089,特变电工,SH
600556,天下秀,SH
600131,国网信通,SH
601908,京运通,SH
601963,重庆银行,SH
603232,格尔软件,SH
601933,永辉超市,SH
600057,厦门象屿,SH
600844,丹化科技,SH
600100,同方股份,SH
601718,际华集团,SH
600801,华新水泥,SH
600785,新华百货,SH
603337,杰克股份,SH
600058,五矿发展,SH
600603,ST广物,SH
600977,中国电影,SH
600601,方正科技,SH
603153,上海建科,SH
600007,中国国贸,SH
603599,广信股份,SH
601858,中国科传,SH
603896,寿仙谷,SH
601233,桐昆股份,SH
600628,新世界,SH
600111,北方稀土,SH
600586,金晶科技,SH
600250,南京商旅,SH
601169,北京银行,SH
600478,科力远,SH
688278,特宝生物,SH
603995,甬金股份,SH
603113,金能科技,SH
600176,中国巨石,SH
601038,一拖股份,SH
605167,利柏特,SH
601599,浙文影业,SH
601860,紫金银行,SH
603992,松霖科技,SH
601611,中国核建,SH
688648,中邮科技,SH
600838,上海九百,SH
601928,凤凰传媒,SH
600820,隧道股份,SH
603053,成都燃气,SH
603169,兰石重装,SH
688639,华恒生物,SH
601187,厦门银行,SH
688091,上海谊众,SH
603855,华荣股份,SH
600141,兴发集团,SH
688677,海泰新光,SH
603999,读者传媒,SH
600602,云赛智联,SH
600378,昊华科技,SH
601766,中国中车,SH
601998,中信银行,SH
600790,轻纺城,SH
600499,科达制造,SH
600755,厦门国贸,SH
603268,松发股份,SH
600252,中恒集团,SH
600037,歌华有线,SH
601186,中国铁建,SH
688190,云路股份,SH
603668,天马科技,SH
600525,长园集团,SH
603329,上海雅仕,SH
600104,上汽集团,SH
601678,滨化股份,SH
601138,工业富联,SH
600309,万华化学,SH
601330,绿色动力,SH
600233,圆通速递,SH
600685,中船防务,SH
603979,金诚信,SH
601018,宁波港,SH
600956,新天绿能,SH
603533,掌阅科技,SH
603313,梦百合,SH
601666,平煤股份,SH
688229,博睿数据,SH
600125,铁龙物流,SH
601319,中国人保,SH
600717,天津港,SH
601628,中国人寿,SH
600562,国睿科技,SH
603230,内蒙新华,SH
601997,贵阳银行,SH
601218,吉鑫科技,SH
600168,武汉控股,SH
688050,爱博医疗,SH
601717,郑煤机,SH
600629,华建集团,SH
601868,中国能建,SH
600383,金地集团,SH
600293,三峡新材,SH
603031,安孚科技,SH
600217,中再资环,SH
600072,中船科技,SH
605086,龙高股份,SH
600737,中粮糖业,SH
600278,东方创业,SH
601888,中国中免,SH
603505,金石资源,SH
603833,欧派家居,SH
601333,广深铁路,SH
600663,陆家嘴,SH
605020,永和股份,SH
600881,亚泰集团,SH
600426,华鲁恒升,SH
603895,天永智能,SH
601098,中南传媒,SH
603882,金域医学,SH
600861,北京人力,SH
600916,中国黄金,SH
600522,中天科技,SH
600008,首创环保,SH
600739,辽宁成大,SH
600237,铜峰电子,SH
600098,广州发展,SH
600406,国电南瑞,SH
600128,苏豪弘业,SH
600487,亨通光电,SH
600567,山鹰国际,SH
601607,上海医药,SH
600017,日照港,SH
600826,兰生股份,SH
600121,郑州煤电,SH
600162,香江控股,SH
688656,浩欧博,SH
600054,黄山旅游,SH
600871,石化油服,SH
603019,中科曙光,SH
600961,株冶集团,SH
600802,福建水泥,SH
601857,中国石油,SH
600784,鲁银投资,SH
600399,抚顺特钢,SH
600892,大晟文化,SH
600496,精工钢构,SH
601825,沪农商行,SH
601975,招商南油,SH
600995,南网储能,SH
603530,神马电力,SH
600740,山西焦化,SH
601222,林洋能源,SH
601117,中国化学,SH
601949,中国出版,SH
600516,方大炭素,SH
600108,亚盛集团,SH
600720,中交设计,SH
601668,中国建筑,SH
688169,石头科技,SH
600620,天宸股份,SH
603878,武进不锈,SH
601086,国芳集团,SH
600179,安通控股,SH
603167,渤海轮渡,SH
600714,金瑞矿业,SH
600497,驰宏锌锗,SH
601700,风范股份,SH
600429,三元股份,SH
601969,海南矿业,SH
601992,金隅集团,SH
600023,浙能电力,SH
601155,新城控股,SH
600805,悦达投资,SH
603358,华达科技,SH
600027,华电国际,SH
600706,曲江文旅,SH
600985,淮北矿业,SH
600662,外服控股,SH
688339,亿华通-U,SH
600483,福能股份,SH
603917,合力科技,SH
600758,XD辽宁能,SH
600348,华阳股份,SH
600873,梅花生物,SH
600166,福田汽车,SH
601608,中信重工,SH
600138,中青旅,SH
600335,国机汽车,SH
688065,凯赛生物,SH
600298,安琪酵母,SH
603778,国晟科技,SH
603098,森特股份,SH
600283,钱江水利,SH
601096,宏盛华源,SH
600550,保变电气,SH
601866,中远海发,SH
600814,杭州解百,SH
600193,创兴资源,SH
601229,上海银行,SH
688819,天能股份,SH
601699,潞安环能,SH
601615,明阳智能,SH
600279,重庆港,SH
603323,苏农银行,SH
600989,宝丰能源,SH
600489,中金黄金,SH
601577,长沙银行,SH
600901,江苏金租,SH
600018,上港集团,SH
600508,上海能源,SH
600939,重庆建工,SH
600936,广西广电,SH
600776,东方通信,SH
600052,东望时代,SH
600690,海尔智家,SH
600063,皖维高新,SH
603565,中谷物流,SH
600908,无锡银行,SH
603818,曲美家居,SH
600207,安彩高科,SH
601619,嘉泽新能,SH
600828,茂业商业,SH
600502,安徽建工,SH
600327,大东方,SH
600970,中材国际,SH
600115,中国东航,SH
601989,中国重工,SH
600691,阳煤化工,SH
600769,祥龙电业,SH
600696,岩石股份,SH
603129,春风动力,SH
600028,中国石化,SH
601399,国机重装,SH
600798,宁波海运,SH
688563,航材股份,SH
600971,恒源煤电,SH
601005,重庆钢铁,SH
600547,山东黄金,SH
600022,山东钢铁,SH
600081,东风科技,SH
600583,海油工程,SH
688612,威迈斯,SH
600546,山煤国际,SH
601921,浙版传媒,SH
600606,绿地控股,SH
600595,中孚实业,SH
600064,南京高科,SH
688425,铁建重工,SH
601808,中海油服,SH
601816,京沪高铁,SH
603208,江山欧派,SH
603199,九华旅游,SH
600898,*ST美讯,SH
600585,海螺水泥,SH
600688,上海石化,SH
601212,白银有色,SH
600528,中铁工业,SH
600966,博汇纸业,SH
600362,江西铜业,SH
600863,内蒙华电,SH
600339,中油工程,SH
601107,四川成渝,SH
601003,柳钢股份,SH
600655,豫园股份,SH
600853,龙建股份,SH
600684,珠江股份,SH
600644,乐山电力,SH
600313,农发种业,SH
603008,喜临门,SH
600875,东方电气,SH
601991,大唐发电,SH
600981,汇鸿集团,SH
601390,中国中铁,SH
600517,国网英大,SH
600159,大龙地产,SH
601001,晋控煤业,SH
600566,济川药业,SH
601886,江河集团,SH
600292,远达环保,SH
600006,东风股份,SH
600284,浦东建设,SH
601298,青岛港,SH
601633,长城汽车,SH
688506,百利天恒-U,SH
601588,北辰实业,SH
600477,杭萧钢构,SH
600170,上海建工,SH
605377,华旺科技,SH
601156,东航物流,SH
600744,华银电力,SH
601326,秦港股份,SH
600096,云天化,SH
603722,阿科力,SH
601618,中国中冶,SH
603060,国检集团,SH
600021,上海电力,SH
601600,中国铝业,SH
605366,宏柏新材,SH
600551,时代出版,SH
600231,凌钢股份,SH
688349,三一重能,SH
601016,节能风电,SH
601958,金钼股份,SH
600153,建发股份,SH
605198,安德利,SH
600158,中体产业,SH
688036,传音控股,SH
600258,首旅酒店,SH
600355,精伦电子,SH
600604,市北高新,SH
600808,马钢股份,SH
600610,中毅达,SH
600886,国投电力,SH
600019,宝钢股份,SH
600150,中国船舶,SH
600571,信雅达,SH
600582,天地科技,SH
603099,长白山,SH
605577,龙版传媒,SH
601366,利群股份,SH
603766,隆鑫通用,SH
603444,吉比特,SH
600310,广西能源,SH
600815,厦工股份,SH
688052,纳芯微,SH
600819,耀皮玻璃,SH
600860,京城股份,SH
600050,中国联通,SH
600741,华域汽车,SH
600649,城投控股,SH
601012,隆基绿能,SH
605228,神通科技,SH
600428,中远海特,SH
600968,海油发展,SH
600498,烽火通信,SH
689009,九号公司-WD,SH
603567,珍宝岛,SH
600660,福耀玻璃,SH
601111,中国国航,SH
600256,广汇能源,SH
601601,中国太保,SH
600935,华塑股份,SH
600821,金开新能,SH
601126,四方股份,SH
601801,皖新传媒,SH
688599,天合光能,SH
600203,福日电子,SH
600248,陕建股份,SH
600638,新黄浦,SH
600698,湖南天雁,SH
605099,共创草坪,SH
600219,南山铝业,SH
688428,诺诚健华-U,SH
601188,龙江交通,SH
601865,XD福莱特,SH
600581,八一钢铁,SH
601985,中国核电,SH
600482,中国动力,SH
603679,华体科技,SH
688332,中科蓝讯,SH
600418,江淮汽车,SH
600810,神马股份,SH
601872,招商轮船,SH
601595,XD上海电,SH
600280,中央商场,SH
600029,南方航空,SH
601101,昊华能源,SH
600507,方大特钢,SH
600726,华电能源,SH
600795,国电电力,SH
688217,睿昂基因,SH
600354,敦煌种业,SH
601899,紫金矿业,SH
601800,中国交建,SH
603606,东方电缆,SH
688111,金山办公,SH
600320,振华重工,SH
601019,山东出版,SH
600323,瀚蓝环境,SH
600011,华能国际,SH
688166,博瑞医药,SH
603536,惠发食品,SH
600438,通威股份,SH
605111,新洁能,SH
600617,国新能源,SH
600979,广安爱众,SH
603815,交建股份,SH
600858,银座股份,SH
600686,金龙汽车,SH
600157,永泰能源,SH
603860,中公高科,SH
600959,江苏有线,SH
600733,北汽蓝谷,SH
603126,中材节能,SH
600941,中国移动,SH
601919,中远海控,SH
600295,鄂尔多斯,SH
600782,新钢股份,SH
688275,万润新能,SH
603333,尚纬股份,SH
688578,艾力斯,SH
601106,中国一重,SH
601789,宁波建工,SH
600410,华胜天成,SH
688162,巨一科技,SH
601598,中国外运,SH
600031,三一重工,SH
688114,华大智造,SH
603985,恒润股份,SH
601929,吉视传媒,SH
601010,文峰股份,SH
603596,伯特利,SH
603993,洛阳钼业,SH
600563,法拉电子,SH
603213,镇洋发展,SH
605180,华生科技,SH
600307,酒钢宏兴,SH
600997,开滦股份,SH
603227,雪峰科技,SH
600500,中化国际,SH
688223,晶科能源,SH
600761,安徽合力,SH
600083,*ST博信,SH
688196,卓越新能,SH
688303,大全能源,SH
600026,中远海能,SH
603598,引力传媒,SH
600560,金自天正,SH
600188,兖矿能源,SH
600768,宁波富邦,SH
603885,吉祥航空,SH
688333,铂力特,SH
600082,海泰发展,SH
600578,京能电力,SH
600738,丽尚国潮,SH
600630,龙头股份,SH
688180,君实生物-U,SH
600403,大有能源,SH
600088,中视传媒,SH
603600,永艺股份,SH
601015,陕西黑猫,SH
603048,浙江黎明,SH
603682,锦和商管,SH
688009,中国通号,SH
600396,华电辽能,SH
600694,大商股份,SH
688175,高凌信息,SH
600282,南钢股份,SH
600120,浙江东方,SH
601168,西部矿业,SH
688331,荣昌生物,SH
600692,亚通股份,SH
605598,上海港湾,SH
600123,兰花科创,SH
600388,龙净环保,SH
601088,中国神华,SH
603557,ST起步,SH
603716,塞力医疗,SH
600103,青山纸业,SH
688076,诺泰生物,SH
600676,交运股份,SH
600661,昂立教育,SH
600817,宇通重工,SH
688271,联影医疗,SH
601869,长飞光纤,SH
600775,南京熊猫,SH
600797,浙大网新,SH
600169,太原重工,SH
600712,南宁百货,SH
688617,惠泰医疗,SH
605117,德业股份,SH
600983,惠而浦,SH
688548,广钢气体,SH
601456,国联证券,SH
603556,海兴电力,SH
601225,陕西煤业,SH
600212,绿能慧充,SH
601068,中铝国际,SH
600126,杭钢股份,SH
605218,伟时电子,SH
601918,新集能源,SH
600626,申达股份,SH
601898,中煤能源,SH
600715,*ST文投,SH
688299,长阳科技,SH
600857,宁波中百,SH
601999,出版传媒,SH
600811,东方集团,SH
600984,建设机械,SH
603669,灵康药业,SH
601567,三星医疗,SH
600569,安阳钢铁,SH
600462,*ST九有,SH
688687,凯因科技,SH
600225,*ST卓朗,SH
600665,天地源,SH
603789,星光农机,SH
600506,统一股份,SH
605199,葫芦娃,SH
603610,麒盛科技,SH
600593,大连圣亚,SH
600689,上海三毛,SH
603861,白云电器,SH
600724,宁波富达,SH
600693,东百集团,SH
600778,友好集团,SH
600982,宁波能源,SH
600824,益民集团,SH
600198,大唐电信,SH
601216,君正集团,SH
603238,诺邦股份,SH
600880,博瑞传播,SH
600679,上海凤凰,SH